Decade,Song,Lyrics,years,part
Early 1980s,أحضان الجبل,"في يوم والشمس طالعة بألوانها الرقيقة ولمستها الدهب
همسك إيدك وهأخدك لبيت أبيض صغير في أحضان الجبل
البيت دا فيه إتولدت، على بابه كبرت
وإتعلمت إني أغني أول غنوة دافية زي شمسنا
زي قلوب الصبايا اللي في حينا
والألوان البريئة على أبواب بيوتنا
على الجدران بتحكي إن الكون إتولد
في بيت مصري صغير في أحضان الجبل

ضوء الفجر خافت بيرسم المعاني
من بعد ليل طويل
والنيل أمواجه تصحى وتحكي ذكرياتها
من الأشجار للنخيل
وأنا الطفل الصغير لكن بسمع وأفكر
حسيت في كل لحظة إني حاضر وذكرى
وجزء من المكان ده وإني مش وحيد

وفي يوم والشمس طالعة بألوانها الرقيقة ولمستها الدهب
همسك إيدك وهأخدك لبيت أبيض صغير في أحضان الجبل

الزمن راكع هناك بيهمس للجمال
ما يكون حجر، إتكلم يا حبيبي
لكن صمته الجميل سنين ورا سنين
وجيل من بعد جيل فضل حي في ملامحي
في ضميري في إبتسامتي في نظرتي لبكرة وحبي للحياة

وفي يوم والشمس طالعة بألوانها الرقيقة ولمستها الدهب
همسك إيدك وهأخدك لبيت أبيض صغير في أحضان الجبل
البيت دا فيه إتولدت، على بابه كبرت
وإتعلمت إني أغني أول غنوة دافية زي شمسنا
زي قلوب الصبايا اللي في حينا
والألوان البريئة على أبواب بيوتنا
على الجدران بتحكي إن الكون إتولد
في بيت مصري صغير في أحضان الجبل",1980,0
Early 1980s,يا طريق يا طريق,"يا طريق يا طريق، ماشين يا طريق
بقلوب عطشانة أمل وسلام
نفسنا في هواك ننسى اللي راح
كداب كداب اللي يقول تاب
لو قضى العمر معاك في عذاب
يا طريق يا طريق، ماشين يا طريق

أسامينا مزروعة فيك، قناديل في سما لياليك
أسامينا مزروعة فيك، قناديل في سما لياليك
من صغرنا عايشين بيك، نعشق ونحن إليك
نفرح لما نلاقيك ونقولك أهلاً بيك
يا طريق يا طريق، ماشين يا طريق

يا طريق يا طريق، ماشين يا طريق
بقلوب عطشانة أمل وسلام
نفسنا في هواك ننسى اللي راح
كداب كداب اللي يقول تاب
لو قضى العمر معاك في عذاب
يا طريق يا طريق، ماشين يا طريق

دقينا فيك أبواب وفارقنا فيك أصحاب
دقينا فيك أبواب وفارقنا فيك أصحاب
طول عمرنا ملك إيديك نقرا الأحزان في عينيك
ونروح وبنرجع ليك ونقولك أهلاً بيك
يا طريق يا طريق، ماشين يا طريق

يا طريق يا طريق، ماشين يا طريق
بقلوب عطشانة أمل وسلام
نفسنا في هواك ننسى اللي راح
كداب كداب اللي يقول تاب
لو قضى العمر معاك في عذاب
يا طريق يا طريق، ماشين يا طريق

مكتوبة عليك خطوتنا والناس وإنت حقيقتنا
مكتوبة عليك خطوتنا والناس وإنت حقيقتنا
من عشقنا فيك بندوب وقلوب بتتوه
وقلوب عايشة العمر تناديك وتقولك أهلاً بيك
يا طريق يا طريق، ماشين يا طريق

يا طريق يا طريق، ماشين يا طريق
بقلوب عطشانة أمل وسلام
نفسنا في هواك ننسى اللي راح
كداب كداب اللي يقول تاب
لو قضى العمر معاك في عذاب
يا طريق يا طريق، ماشين يا طريق
يا طريق يا طريق، ماشين يا طريق
بقلوب عطشانة أمل وسلام
نفسنا في هواك ننسى اللي راح
كداب كداب اللي يقول تاب
لو قضى العمر معاك في عذاب
يا طريق يا طريق، ماشين يا طريق",1980,0
Early 1980s,المدينة,"المدينة قلبها زحمة بالهموم
والعيون تايهة بتدارى في الغيوم
المدينة قلبها زحمة بالهموم
والعيون تايهة بتدارى في الغيوم
مين يهمه إلا همه
مين بيصرخ غير لألمه
غابت كل يوم غربت كل يوم

المطر باعت معاه دموع الندم
بكرة تشتي على الزحام
الزحام يبقى فضا
والدموع ساعتها نشحت كل ندم
على الحكايات اللي ضاعوا
اللي ضاعوا في المدى
المطر باعت معاه دموع الندم
بكرة تشتي على الزحام
الزحام يبقى فضا
والدموع ساعتها نشحت كل ندم
على الحكايات اللي ضاعوا
اللي ضاعوا في المدى

حبيبتي المدينة متاهة بشر
شوارع حزينة، بقايا صور
حبيبتي المدينة في رياح القدر
وحيدة مسكينة بتداري الخطر
حبيبتي المدينة متاهة بشر
شوارع حزينة، بقايا صور
حبيبتي المدينة في رياح القدر
وحيدة مسكينة بتداري الخطر

المدينة قلبها زحمة بالهموم
والعيون تايهة بتدارى في الغيوم
المدينة قلبها زحمة بالهموم
والعيون تايهة بتدارى في الغيوم
مين يهمه إلا همه
مين بيصرخ غير لألمه
غابت كل يوم غربت كل يوم
غابت كل يوم غربت كل يوم",1980,0
Early 1980s,بحب الحياة,"بحبك لأنك عيون الحياة
بشوف بيكي أملي اللي كان إنتهى
بحبك لأنك في آخر ندا
لقيتك في قلبي بتروي صباه
ساعات يا حبيبتي ياخدني خيالي
وأفكر في حالي من غيرك إنتي

لمين يا حبيبتي هكمل حياتي
دا أنا أمنياتي إتبنت بيكي إنتي
بحبك لأنك وهبتي بحبك لقلبي مناه
بقيت يا حبيبتي بحب الحياة
بقيت يا حبيبتي بحب الحياة
بقيت يا حبيبتي بحب الحياة

بفكر في أسرع طريق للقى
في رحلة حياتنا اللي هتكون لنا
بفكر في أسرع طريق للقى
في رحلة حياتنا اللي هتكون لنا
هتبقي معايا في صبحي ومسايا الجميلة الرقيقة
هنبقى أنا وإنتي في عالم سعيد
في صمته وجنونه وأمله العنيد
هنبقى أنا وإنتي في عالم سعيد
في صمته وجنونه وأمله العنيد

أكيد يا حبيبتي هكمل حياتي
دا أنا أمنياتي إتبنت بيكي إنتي
أكيد يا حبيبتي هكمل حياتي
دا أنا أمنياتي إتبنت بيكي إنتي
بحبك لأنك وهبتي بحبك لقلبي مناه
بقيت يا حبيبتي بحب الحياة
بقيت يا حبيبتي بحب الحياة
بقيت يا حبيبتي بحب الحياة

بقيتي الحياة اللي جاية لنا
هتبقى دي أحلى سنين عمرنا
بقيتي الحياة اللي جاية لنا
هتبقى دي أحلى سنين عمرنا
وجودك معايا هيبقى البداية الحقيقة الجميلة
هكون ليكي دايماً ومهما يكون
دا إنتي الوحيدة اللي ليكي هكون
هكون ليكي دايماً ومهما يكون
دا إنتي الوحيدة اللي ليكي هكون

أكيد يا حبيبتي هكمل حياتي
دا أنا أمنياتي إتبنت بيكي إنتي
أكيد يا حبيبتي هكمل حياتي
دا أنا أمنياتي إتبنت بيكي إنتي
بحبك لأنك وهبتي بحبك لقلبي مناه
بقيت يا حبيبتي بحب الحياة
بقيت يا حبيبتي بحب الحياة
بقيت يا حبيبتي بحب الحياة
بقيت يا حبيبتي بحب الحياة",1980,0
Early 1980s,أحلى دنيا,"إمتى نشوف البسمة الحلوة
مالية شفايف كل الناس
إمتى نشارك بعض في غنوة
غالية ونملى الكون إخلاص
إمتى نعيش من غير أحزان
إمتى نشوف القسوة حنان
أحلى يا دنيا تكوني أمان
والقى الناس بتحب الناس
أحلى دنيا

ليه في قلوبكوا أمان وشكوك
خلوا الورد وشيلوا الشوك
عمر الحب ما عاش في قساوة
لا بتنسى وعينيك بتبوح
ليه في قلوبكوا أمان وشكوك
خلوا الورد وشيلوا الشوك
عمر الحب ما عاش في قساوة
لا بتنسى وعينيك بتبوح

إمتى نعيش من غير أحزان
إمتى نشوف القسوة حنان
أحلى يا دنيا تكوني أمان
والقى الناس بتحب الناس
أحلى دنيا

غنوا أغاني الحب الصافية
ياما الحب بيشفي جراح
ما أحلى الغنوة الحلوة الدافية
لو قدامها أمل وبراح
غنوا أغاني الحب الصافية
ياما الحب بيشفي جراح
ما أحلى الغنوة الحلوة الدافية
لو قدامها أمل وبراح

إمتى نعيش من غير أحزان
إمتى نشوف القسوة حنان
أحلى يا دنيا تكوني أمان
والقى الناس بتحب الناس
أحلى دنيا، أحلى دنيا، أحلى دنيا، أحلى دنيا، أحلى دنيا",1980,0
Early 1980s,نور يا ليل,"نور يا ليل الأسرار
يا اللي عشقناك وإحنا صغار
نور يا ليل الأسرار
يا اللي عشقناك وإحنا صغار
إحنا بنصفح وإنت بتجرح
زي ما قالوا عليك دوار
زي ما قالوا عليك دوار

فتح يا شجر الأحلام
قد ما بتدور الأيام
فتح يا شجر الأحلام
قد ما بتدور الأيام
فتح وإطرح نفسنا نفرح
دا المشوار جنة على نار

نور يا ليل الأسرار
يا اللي عشقناك وإحنا صغار
نور يا ليل الأسرار
يا اللي عشقناك وإحنا صغار
إحنا بنصفح وإنت بتجرح
زي ما قالوا عليك دوار
زي ما قالوا عليك دوار

روق يا بحر العشاق
بتسافر فيكي الأشواق
روق يا بحر العشاق
بتسافر فيكي الأشواق
روق وأوعد إنك تسعد
قلبين ضاعوا مع التيار

نور يا ليل الأسرار
يا اللي عشقناك وإحنا صغار
نور يا ليل الأسرار
يا اللي عشقناك وإحنا صغار
إحنا بنصفح وإنت بتجرح
زي ما قالوا عليك دوار
زي ما قالوا عليك دوار

قرب يا مرسى البحار
للي ضاع عمره في أسفار
قرب يا مرسى البحار
للي ضاع عمره في أسفار
خليه يرسى إوعاك تنسى
إنه غريب عن أهل الدار

نور يا ليل الأسرار
يا اللي عشقناك وإحنا صغار
نور يا ليل الأسرار
يا اللي عشقناك وإحنا صغار
إحنا بنصفح وإنت بتجرح
زي ما قالوا عليك دوار
زي ما قالوا عليك دوار
نور يا ليل الأسرار
يا اللي عشقناك وإحنا صغار
نور يا ليل الأسرار
يا اللي عشقناك وإحنا صغار
إحنا بنصفح وإنت بتجرح
زي ما قالوا عليك دوار
زي ما قالوا عليك دوار
نور يا ليل الأسرار
يا اللي عشقناك وإحنا صغار
نور يا ليل الأسرار
يا اللي عشقناك وإحنا صغار",1980,0
Early 1980s,وقت وعشناه,"وقت وعشناه إنتي وأنا، جرح حفرناه لبقية عمرنا
دلوقتي خلاص مواعدنا خلاص بتدق خلاص أجراس حزننا
مش لاقي كلام يوصف آلام جرح الأوهام ويبارك لنا
كنا في آلام كنا في حنان وكان يا مكان كان في حبنا

فاكرة الأمل لما التقينا زي الغزل مالي علينا
فاكرة العطش لما ارتوينا كان القدر راضي علينا
لقينا في بعضنا شئ ضايع مننا وتوهنا في عالم حبنا
وغرقنا في بعضنا ونسينا وقتنا وعيون الأمل بتشدنا

دلوقتي خلاص مواعدنا خلاص بتدق خلاص أجراس حزننا
وقت وعشناه إنتي وأنا، جرح حفرناه لبقية عمرنا
يا حبيبتي وداع، مكتوبنا ضياع، غربة وآلام، مكتوب بعدنا
(ياحبيبتي وداع)
مكتوب بعدنا
(ياحبيبتي وداع)
مكتوب بعدنا
(ياحبيبتي وداع)
مكتوب بعدنا",1980,0
Early 1980s,الزمن,"الزمن بينسى دايماً، مع الزمن مفيش وعود
اللي كان عايش في قلبي، النهاردة مالوش وجود
الزمن مالهش صاحب مالهش قلب ولا مشاعر
خطوته مشوار في قلبي عشت فيه دايماً مهاجر

مع الزمن الجرح بيتنسي والذكريات الحلوة تدبل
مع الزمن بنبتدي دايماً حكاية فيها تخلص
ننسى الملامح والوجود والعناوين
يمكن نتوب عن ذكريات عاشت معانا
ضاعت في يوم من الزمن

الزمن دموع بتجري او ضحكة ما لها أي معنى
أو لعبة ملناش يد فيها مهما اتشائمنا وإتفائلنا
كنت أجبن منه دايماً عمري ما فكرت أواجهه
كنت خايف منه يمكن لو كان بشر كنت فهمته

عشرين سنة من يوم ما إتولدت أحلم معاه
يوعدني أصدق عشرين سنة مروا كأنهم سراب
وكان بيكدب كتب حكايته على الوجوه
وألم في كل ضحكة وساب علاماته الحزينة
على طريقي اللي من زمان

الزمن بينسى دايماً، مع الزمن مفيش وعود
اللي كان عايش في قلبي، النهاردة مالوش وجود
الزمن مالهش صاحب مالهش قلب ولا مشاعر
خطوته مشوار في قلبي عشت فيه دايماً مهاجر
آآآآآآه، الزمن، الزمن، مع الزمن",1980,0
Early 1980s,مصرية,"مصرية بعيون مصرية، خطوتها شابة وعصرية
الروح طرواة العصرية والقلب شمس الحنية
مصرية بعيون مصرية، خطوتها شابة وعصرية
الروح طرواة العصرية والقلب شمس الحنية
وأصيلة زي الحرية وعيونها بتقول يا عينيا
مصرية آه، مصرية آه، مصرية آه، مصرية

إنتي الطفولة اللي في دمي وأختي ساعات وساعات أمي
وإنتي الحبيبة اللي تضمي بعيون حنانك وتسمي
إنتي الأمل وإنتي الظاهرة وإنتي النهاردة عشان بكرة
إنتي الأمل وإنتي الظاهرة وإنتي النهاردة عشان بكرة
وإنتي العيون شمعة وسمرة وإنتي الجمال وإنتي التمرة

مصرية آه، مصرية آه، مصرية آه، مصرية

مطرح ما روحي تروح رايحة، ريحة الحنان بتروح فايحة
تخضر روح روحي وتصحى، وزهور حياتي تروح طارحة
ضحكتها شمس وشمسية، شقاوتها مالهاش في آسية
ضحكتها شمس وشمسية، شقاوتها مالهاش في آسية
خطوتها ثابتة وفرسية وهي شطي ومراسيا

مصرية آه، مصرية آه، مصرية آه، مصرية

الحلوة ماشية معدية، شايلة دهب والفضية
قلة وميه موردية والخد ضحكته وردية
بنت البلد يا طراوة العصر، وعصير جمال الكون والعصر
هز القلوب وإتشد يا خصر، دي الحلوة مصرية ومن مصر

مصرية آه، مصرية آه، مصرية آه، مصرية

مصرية بعيون مصرية، خطوتها شابة وعصرية
الروح طرواة العصرية والقلب شمس الحنية
مصرية بعيون مصرية، خطوتها شابة وعصرية
الروح طرواة العصرية والقلب شمس الحنية
مصرية بعيون مصرية، خطوتها شابة وعصرية
الروح طرواة العصرية والقلب شمس الحنية
مصرية بعيون مصرية، خطوتها شابة وعصرية
الروح طرواة العصرية والقلب شمس الحنية",1980,0
Early 1980s,يا خلي,"آه على اللي في قلبي
وعلى اللي في روحي منك إنت يا خلي
نسمة هواك لما بتوصلي
ما أعرفش إيه اللي بيحصلي
آه على اللي في قلبي
وعلى اللي في روحي منك إنت يا خلي
نسمة هواك لما بتوصلي
ما أعرفش إيه اللي بيحصلي

يا وردي يا فلي
يا شجري يا ضلي
آه آه، آه آه، آه آه آه آه آه آه
آه آه، آه آه، آه آه آه
آه يا خلي

أول ما شفته يا روحي
دابت جروحي وقلتله خَلي
خلي لي روحك في روحي
وروحى غني، يا روحي وهلي

يا وردي يا فلي
يا شجري يا ضلي
آه آه، آه آه، آه آه آه آه آه آه
آه آه، آه آه، آه آه آه
آه يا خلي

شمس الأصيل فتحت
صحصح دفاها وجاني وقالي
روح الحبيب فحفحت
صحيت لي عقلي وقلبي وكلي

يا وردي يا فلي
يا شجري يا ضلي
آه آه، آه آه، آه آه آه آه آه آه
آه آه، آه آه، آه آه آه آه

أنا شيلت له في العيون على كل لون من الحب وشال لي
وإزاي في يوم راح يهون الحب ويهون اللي حصل لي

يا وردي يا فلي
يا شجري يا ضلي
آه آه، آه آه، آه آه آه آه آه آه
آه آه، آه آه، آه آه آه
آه يا خلي

شجر المحبة يدوم وإحنا المحبة بعينها تملي
بحر الأسى وهموم لأجل اللي قلبه إسود وعزولي
وأنا وسط بحرك بعوم وأديك ودادي وأدادي وأحلي
مركب محبتنا دوم ويا مركب العزال ما تحلي

يا وردي يا فلي
يا شجري يا ضلي
آه آه، آه آه، آه آه آه آه آه آه
آه آه، آه آه، آه آه آه
دا يا خلي",1980,0
Early 1980s,عصافير الحب,"عصافير الحب مالت وقالتلي كلام وطارت
عصافير الحب مالت وقالتلي كلام وطارت
وباينه كان عليكي، آه يا أم رمش سايب
آه يا أم رمش سايب

وأنا اقول إيه الحكاية، هيمانة ورايحة جاية
وأنا اقول إيه الحكاية، هيمانة ورايحة جاية
سرحانة مع غنايا، غنايا
سرحانة مع غنايا، غنايا
أتاريه الحب جالك، طيرلك عقل بالك
أتاريه الحب جالك، طيرلك عقل بالك
أتاريه الحب جالك، طيرلك عقل بالك
آه يا أم رمش سايب

آه يا ليلي يا عينه ياني من الحب الأولاني
آه يا ليلي يا عينه ياني من الحب الأولاني
بيخلي الحب آه ويخلي الآه أغاني
آه يا ليلي يا عينه ياني من الحب الأولاني
آه يا ليلي يا عينه ياني من الحب الأولاني
بيخلي الحب آه ويخلي الآه أغاني
شوفي لما الحب جالك، طيرلك عقل بالك
شوفي لما الحب جالك، طيرلك عقل بالك
شوفي لما الحب جالك، طيرلك عقل بالك
آه يا أم رمش سايب

عصافير الحب قالت، سور قلبك كذبة دابت
عصافير الحب قالت، سور قلبك كذبة دابت
من أول نسمة فاتت وقالت
من أول نسمة فاتت وقالت
دا يا دوب الحب جالك، طيرلك عقل بالك
دا يا دوب الحب جالك، طيرلك عقل بالك
دا يا دوب الحب جالك، طيرلك عقل بالك
آه يا أم رمش سايب

في عينيكي الحب باين ألوان زي الجناين
في عينيكي الحب باين ألوان زي الجناين
قلبك عمال بيضحك ويسمع في المداين
في عينيكي الحب باين ألوان زي الجناين
في عينيكي الحب باين ألوان زي الجناين
قلبك عمال بيضحك ويسمع في المداين
كدا لما الحب جالك، طيرلك عقل بالك
كدا لما الحب جالك، طيرلك عقل بالك
كدا لما الحب جالك، طيرلك عقل بالك
آه يا أم رمش سايب

عصافير الحب مالت وقالتلي كلام وطارت
وباينه كان عليكي، آه يا أم رمش سايب
آه يا أم رمش سايب
عصافير الحب مالت وقالتلي كلام وطارت
وباينه كان عليكي، آه يا أم رمش سايب
آه يا أم رمش سايب
عصافير الحب مالت وقالتلي كلام وطارت
وباينه كان عليكي، آه يا أم رمش سايب
آه يا أم رمش سايب
عصافير الحب مالت وقالتلي كلام وطارت
وباينه كان عليكي، آه يا أم رمش سايب
آه يا أم رمش سايب",1980,0
Early 1980s,إيش حال الشجرة,"إيش حال الشجرة والقمرة وناس المشوار
وإيش حال القعدة والسهرة واللي في الدار
وإيش حال عشرتنا ولمتنا تحت الأشجار
وإيش حالك إنتي يا حبيبتي يا تلج ونار
قلبي في بحورك دا مراكبي وإنتي التيار

إيش حالك يا سمرة يا تمرة يا رب الكيف
يا مراكب شموستي الجاية، يا قمر الصيف
إيش حالك يا سمرة يا تمرة يا رب الكيف
يا مراكب شموستي الجاية، يا قمر الصيف
خديني راعي في مراعيكي وخديني طيف
وإرويني من ميه هواكي، جوايا خريف
خديني راعي في مراعيكي وخديني طيف
وإرويني من ميه هواكي، جوايا خريف
دا أنا صاحي ولسه الناس نايمة مدة وزمان
جوايا مراكب ياما عايمة ناسية الشطئان

وإيش حال الشجرة والقمرة وناس المشوار
وإيش حال القعدة والسهرة واللي في الدار
وإيش حال عشرتنا ولمتنا تحت الأشجار
وإيش حالك إنتي يا حبيبتي يا تلج ونار
قلبي في بحورك دا مراكبي وإنتي التيار

إيش حالك يا قلبي الدافي، يا نسمة وطيف
يا قلوع البحر المبتسمة في عيون الطيف
إيش حالك يا قلبي الدافي، يا نسمة وطيف
يا قلوع البحر المبتسمة في عيون الطيف
ضميني بجناحك الأخضر في عز الصيف
وإحكيلي عن فارس أسمر بدم خفيف
ضميني بجناحك الأخضر في عز الصيف
وإحكيلي عن فارس أسمر بدم خفيف
دا أنا مهما إتغرب ولا أقسى، بلاقي حنان
وسفينتي بترجع للمرسى من غير أحزان

وإيش حال الشجرة والقمرة وناس المشوار
وإيش حال القعدة والسهرة واللي في الدار
وإيش حال عشرتنا ولمتنا تحت الأشجار
وإيش حالك إنتي يا حبيبتي يا تلج ونار
قلبي في بحورك دا مراكبي وإنتي التيار

إيش حال الشجرة والقمرة وناس المشوار
وإيش حال القعدة والسهرة واللي في الدار
وإيش حال عشرتنا ولمتنا تحت الأشجار
وإيش حالك إنتي يا حبيبتي يا تلج ونار
قلبي في بحورك دا مراكبي وإنتي التيار
وإيش حال الشجرة والقمرة وناس المشوار
وإيش حال القعدة والسهرة واللي في الدار
وإيش حال عشرتنا ولمتنا تحت الأشجار
وإيش حالك إنتي يا حبيبتي يا تلج ونار
قلبي في بحورك دا مراكبي وإنتي التيار
وإيش حال الشجرة والقمرة وناس المشوار
وإيش حال القعدة والسهرة واللي في الدار
وإيش حال عشرتنا ولمتنا تحت الأشجار
وإيش حالك إنتي يا حبيبتي يا تلج ونار
قلبي في بحورك دا مراكبي وإنتي التيار",1980,0
Early 1980s, يا ليلة,"سمارة والبدر طالع ومنور كل الشوارع
بنلاقي الحلم اللي ضايع جوة عيونك يا ليلة

وبنرمي حمل الهموم وبننسى عذاب اليوم
وبنعشق نور النجوم جوة عيونك يا ليلة

الناي يشكينا غناه والسهر لينا حياة
بنلاقي القمر اللي تاه جوة عيونك يا ليلة

وبنرمي حمل الهموم وبننسى عذاب اليوم
وبنعشق نور النجوم جوة عيونك يا ليلة

في الليل بسمع نداكي وأفتح ليكي شباكي
يحلالي السهر معاكي جوة عيونك يا ليلة

سمارة والبدر طالع ومنور كل الشوارع
بنلاقي الحلم اللي ضايع جوة عيونك يا ليلة",1980,0
Early 1980s,أشوف عينيكي,"لا لا لاي لاي لاي لاي لا لا لاي لا لا لاي لاي لاي لاي لاي لاي
لا لا لاي لاي لاي لاي لا لا لاي لا لا لاي لاي لاي لاي لاي لاي

أنا أشوف شعورك مفرودين تحت القمر
النيل قصادي يغسل أحزان البشر
وألقاني عايز أروح إليكي وأعتذر
شعورك اللي سيول بتحدفنا سوا

لا لا لاي لاي لاي لاي لا لا لاي لا لا لاي لاي لاي لاي لاي لاي
لا لا لاي لاي لاي لاي لا لا لاي لا لا لاي لاي لاي لاي لاي لاي

أنا أشوف عينيكي تروح إشارة للمنى
تنده عليكي من الإنتظار مليون سنة
البعد لسه ما نسهاش الدندنة
عنيكي زي دوالي قلبي اللي إنكوى

لا لا لاي لاي لاي لاي لا لا لاي لا لا لاي لاي لاي لاي لاي لاي
لا لا لاي لاي لاي لاي لا لا لاي لا لا لاي لاي لاي لاي لاي لاي

أنا أشوف شفايفك مستعدين للوفا
أنسى اللي خانوني ويملاني الصفا
مابكونش داري غير بروحي مهفهفة
شفايفك المتصبرين على النوى

لا لا لاي لاي لاي لاي لا لا لاي لا لا لاي لاي لاي لاي لاي لاي
لا لا لاي لاي لاي لاي لا لا لاي لا لا لاي لاي لاي لاي لاي لاي

أنا أشوف أشوفك أبقى غير ما كنت أنا
عملالي إيه بس إنتي وأنا مش من هنا
بترضي غربة قلب روح مطمنة
إنتي اللي خليتي الحياة مالية الهوى

لا لا لاي لاي لاي لاي لا لا لاي لا لا لاي لاي لاي لاي لاي لاي
لا لا لاي لاي لاي لاي لا لا لاي لا لا لاي لاي لاي لاي لاي لاي
لا لا لاي لاي لاي لاي لا لا لاي لا لا لاي لاي لاي لاي لاي لاي
لا لا لاي لاي لاي لاي لا لا لاي لا لا لاي لاي لاي لاي لاي لاي
لا لا لاي لاي لاي لاي لا لا لاي لا لا لاي لاي لاي لاي لاي لاي
لا لا لاي لاي لاي لاي لا لا لاي لا لا لاي لاي لاي لاي لاي لاي",1980,0
Early 1980s,غني من قلبك,"غني من قلبك وقلبي، غني بالإتنين سوا
كلمتني وطمنتني قبل ما أجي هنا
غني من قلبك وقلبي، غني بالإتنين سوا
كلمتني وطمنتني قبل ما أجي هنا

بحس بيها بين وجودي وبين شفايفي بتبتسم
بحبِك إنتي أنا هغني ولحبك إنت أنا هغني

قالت لي بالحب أقدر ألمس أي نجمة من هنا
كنت خايف إنما في كلامها رنة من السما
ووقفت اليوم أغني تحت الأنوار لوحدي
ووقفت اليوم أغني تحت الأنوار لوحدي
مهما فرقنا المكان إنما إحنا سوا

غني من قلبك وقلبي، غني بالإتنين سوا
كلمتني وطمنتني قبل ما أجي هنا
بحس بيها بين وجودي وبين شفايفي بتبتسم
بحبِك إنتي أنا هغني ولحبك إنت أنا هغني

بحكيلكوا عنها وصدقوني في كل كلمة قلتها
هي الحقيقة اللي في خيالي وفي كل لحظة عشتها
بسمعها في كل غنوة وألمحها في كل فكرة
بسمعها في كل غنوة وألمحها في كل فكرة
تفترق بينا السنين إنما إحنا سوا

غني من قلبك وقلبي، غني بالإتنين سوا
كلمتني وطمنتني قبل ما أجي هنا
غني من قلبك وقلبي، غني بالإتنين سوا
كلمتني وطمنتني قبل ما أجي هنا
غني من قلبك وقلبي، غني بالإتنين سوا
كلمتني وطمنتني قبل ما أجي هنا
غني من قلبك وقلبي، غني بالإتنين سوا
كلمتني وطمنتني قبل ما أجي هنا
غني من قلبك وقلبي، غني بالإتنين سوا
كلمتني وطمنتني قبل ما أجي هنا
غني من قلبك وقلبي، غني بالإتنين سوا
كلمتني وطمنتني قبل ما أجي هنا",1980,0
Early 1980s, يا سمرة,"غناوي الشوق غناوينا، لأحبابنا تطير بينا تودينا
ولا الأحزان تدوبنا ولا الأفراح تنسينا ليالينا
غناوي الشوق غناوينا، لأحبابنا تطير بينا تودينا
ولا الأحزان تدوبنا ولا الأفراح تنسينا ليالينا

في ليل الغربة يا سمرة
في ليل الغربة يا سمرة، هواكي النسمة والقمرة
في ليل الغربة يا سمرة، هواكي النسمة والقمرة
في ليل الغربة يا سمرة، يا سمرة

يا وعدي يا مواعيدي أنا عمرك أنا إنتي، أنا إنتي
أنا المشتاق ويوم عيدي في يوم عيدك يا غنوتي، يا غنوتي
يا وعدي يا مواعيدي أنا عمرك أنا إنتي، أنا إنتي
أنا المشتاق ويوم عيدي في يوم عيدك يا غنوتي، يا غنوتي

في ليل الغربة يا سمرة
في ليل الغربة يا سمرة، هواكي النسمة والقمرة
في ليل الغربة يا سمرة، هواكي النسمة والقمرة
في ليل الغربة يا سمرة، يا سمرة

أنا صفوك، أنا حيرتك ودنيا الحب دنيانا، دنيانا
ليالي ياما على سيرتك تبات من شوقها سهرانة، سهرانة
أنا صفوك، أنا حيرتك ودنيا الحب دنيانا، دنيانا
ليالي ياما على سيرتك تبات من شوقها سهرانة، سهرانة

في ليل الغربة يا سمرة
في ليل الغربة يا سمرة، هواكي النسمة والقمرة
في ليل الغربة يا سمرة، هواكي النسمة والقمرة
في ليل الغربة يا سمرة، يا سمرة
يا سمرة
يا سمرة",1980,0
Early 1980s,بتغني لمين,"بتغني لمين ولمين ولمين
بتغني لمين، يا حمام
بتغني لمين، يا حمام
بتغني لمين ولمين ولمين
بتغني لمين، يا حمام
بتغني لمين، يا حمام

لإتنين أحبة جوة الجنينة، والنسمة دايبة والروح سفينة
ورد المحبة أهو هل وطل على البني أدمين، يا سلام

بتغني لمين ولمين ولمين
بتغني لمين، يا حمام
بتغني لمين، يا حمام

بتغني للي بيقول يا هادي، يا كتفي شيل لي أرزاق ولادي
خلي توكالك على الفتاح وأرزق يا معين، يا سلام

بتغني لمين ولمين ولمين
بتغني لمين، يا حمام
بتغني لمين، يا حمام

لعروسة فلة وعريسها ضلة، والصحبة شلة بالفرحة هلة
والنور زهور وفرش محطوط وعقود ياسمين، يا سلام

بتغني لمين ولمين ولمين
بتغني لمين، يا حمام
بتغني لمين، يا حمام

يا حمام يا بني للشمس غني، للورد غني، للأرض غني
وفي نني نني العين يا وطن ويا مصريين، يا سلام

بتغني لمين ولمين ولمين
بتغني لمين، يا حمام
بتغني لمين، يا حمام
بتغني لمين ولمين ولمين
بتغني لمين، ولمين، ولمين
بتغني لمين ولمين يا حمام، للمصريين، يا سلام
بتغني لمين ولمين ولمين
بتغني لمين، يا حمام
بتغني لمين، يا حمام

لإتنين أحبة جوة الجنينة، والنسمة دايبة والروح سفينة
بتغني للي بيقول يا هادي، يا كتفي شيل لي أرزاق ولادي
لعروسة فلة وعريسها ضلة، والصحبة شلة بالفرحة هلة
بتغني لمين، للمصريين
بتغني لمين، للمصريين
بتغني لمين، للمصريين
بتغني لمين، للمصريين",1980,0
Late 1980s,مية مية ,"مية مية مية مية، في الحلاوة الربانية
مية مية مية مية، في الشقاوة المصراوية
واللي باين من عينيها، إن ليها شوق وغية
واللي باين من عينيا، إن فيهم حسن نية
مية مية مية مية، في الحلاوة الربانية
مية مية مية مية، في الشقاوة المصراوية
واللي باين من عينيها، إن ليها شوق وغية
واللي باين من عينيا، إن فيهم حسن نية
إن فيهم حسن نية

عروسة متزوقة رباني
خدني ليكي الشوق ورماني
عروسة متزوقة رباني
وخدني ليكي الشوق ورماني
في بحور حنانك بحلم أغرق، أغرق تاني وتاني وتالت
في بحور حنانك بحلم أغرق، أغرق تاني وتاني وتالت
ياللي الهوى في عيونك ساحر
ياللي الهوى في عيونك ساحر
نجي غريق من وسط الميه
نجي غريق من وسط الميه

مية مية مية مية، في الحلاوة الربانية
مية مية مية مية، في الشقاوة المصراوية
واللي باين من عينيها، إن ليها شوق وغية
واللي باين من عينيا، إن فيهم حسن نية
إن فيهم حسن نية
مية مية مية مية، في الحلاوة الربانية
مية مية مية مية، في الشقاوة المصراوية
واللي باين من عينيها، إن ليها شوق وغية
واللي باين من عينيا، إن فيهم حسن نية
إن فيهم حسن نية

مية مية ومعجبة بيا
معجب بيها، الشوق في عينيا
مية مية ومعجبة بيا
معجب بيها، الشوق في عينيا
ألف رصيد في الحب وصلها، يطلب منها سلام وتحية
رفضت كل الدنيا وجاتلي، بعد عذاب شهرين وشوية
بعد عذاب شهرين وشوية

مية مية مية مية، في الحلاوة الربانية
مية مية مية مية، في الشقاوة المصراوية
واللي باين من عينيها، إن ليها شوق وغية
واللي باين من عينيا، إن فيهم حسن نية
إن فيهم حسن نية
مية مية مية مية، في الحلاوة الربانية
مية مية مية مية، في الشقاوة المصراوية
واللي باين من عينيها، إن ليها شوق وغية
واللي باين من عينيا، إن فيهم حسن نية
إن فيهم حسن نية
مية مية مية مية، في الحلاوة الربانية
مية مية مية مية، في الشقاوة المصراوية",1980,1
Late 1980s,يصعب علينا ,"يصعب علينا تبعدوا وتنسونا
يصعب علينا، يصعب علينا
يا اللي بحنان الحب عودتونا
يصعب علينا، يصعب علينا
يصعب علينا تبعدوا وتنسونا
يصعب علينا، يصعب علينا
يا اللي بحنان الحب عودتونا
يصعب علينا، يصعب علينا
تبعدوا وتنسونا
يصعب علينا، يصعب علينا
تبعدوا وتنسونا
يصعب علينا، يصعب علينا
يصعب علينا تبعدوا وتنسونا
يصعب علينا، يصعب علينا
يا اللي بحنان الحب عودتونا
يصعب علينا، يصعب علينا
تنسوا ليه بعتونا
بعتوا الأمان، بعتوا السنين
تقسوا ليه تنسونا
ضاع من قلوبكو، فين الحنين
تنسونا، تنسونا

ذنب القلوب العاشقة إيه تنسوها
عِشرة حنان إزاي يا ناس تبيعوها
ذنب القلوب العاشقة إيه تنسوها
عِشرة حنان إزاي يا ناس تبيعوها
هو الفراق موانينا ولا الدموع مراسينا
هو الفراق موانينا ولا الدموع مراسينا

ويصعب علينا تبعدوا وتنسونا
يصعب علينا، يصعب علينا
يا اللي بحنان الحب عودتونا
يصعب علينا، يصعب علينا
يصعب علينا تبعدوا وتنسونا
يصعب علينا، يصعب علينا
يا اللي بحنان الحب عودتونا
يصعب علينا، يصعب علينا
تنسوا ليه بعتونا
بعتوا الأمان، بعتوا السنين
تقسوا ليه تنسونا
ضاع من قلوبكو، فين الحنين

عاتبيني، عاتبيني
حلو العتاب بين الحبايب عيني
مر العذاب بقت كاساته عيني
حلو العتاب بين الحبايب عيني
مر العذاب بقت كاساته عيني
حلو العتاب عاتبيني
يكفى العذاب سامحيني
حلو العتاب عاتبيني
يكفى العذاب سامحيني

ويصعب علينا تبعدوا وتنسونا
يصعب علينا، يصعب علينا
يا اللي بحنان الحب عودتونا
يصعب علينا، يصعب علينا
يصعب علينا تبعدوا وتنسونا
يصعب علينا، يصعب علينا
يا اللي بحنان الحب عودتونا
يصعب علينا، يصعب علينا
تبعدوا وتنسونا
يصعب علينا، يصعب علينا
آه تبعدوا وتنسونا
يصعب علينا، يصعب علينا
تبعدوا وتنسونا
يصعب علينا، يصعب علينا
تبعدوا وتنسونا
يصعب علينا، يصعب علينا
تبعدوا وتنسونا
يصعب علينا، يصعب علينا
تبعدوا وتنسونا
يصعب علينا، يصعب علينا",1980,1
Late 1980s,هلا هلا,"حمد الله عالسلامة
هلا هلا
إشتقنا ليكم ياما
هلا هلا
حمد الله عالسلامة
هلا هلا
إشتقنا ليكم ياما
هلا هلا
والصحبة دي واحشانا
والفرحة مش سايعانا
الصحبة دي واحشانا
والفرحة مش سايعانا
يا مرحبا يا هنانا
يا مرحبا يا هنانا
حمد الله عالسلامة
هلا هلا
إشتقنا ليكم ياما
هلا هلا
حمد الله عالسلامة
هلا هلا
إشتقنا ليكم ياما
هلا هلا
والصحبة دي واحشانا
والفرحة مش سايعانا
الصحبة دي واحشانا
والفرحة مش سايعانا
يا مرحبا يا هنانا
يا مرحبا يا هنانا

من غيركوا والله تعبنا
هلا هلا
والشوق حلف ما يسيبنا
هلا هلا
من غيركوا والله تعبنا
هلا هلا
والشوق حلف ما يسيبنا
هلا هلا
لا رسالة بتريحنا ولا غنوة بتفرحنا
لا رسالة بتريحنا ولا غنوة بتفرحنا
إنتم هناك في الغربة وإحنا هنا في دوامة

حمد الله على صحبتنا
هلا هلا
ورجوعكوا لمحبتنا
هلا هلا
حمد الله على صحبتنا
هلا هلا
ورجوعكوا لمحبتنا
هلا هلا
من يوم رحيلكم وإحنا
ما حد عدى في ريحنا
من يوم رحيلكم وإحنا
ما حد عدى في ريحنا
شوفناكوا والله فرحنا بوصولكوا بالسلامة

حمد الله عالسلامة
هلا هلا
إشتقنا ليكم ياما
هلا هلا
حمد الله عالسلامة
هلا هلا
إشتقنا ليكم ياما
هلا هلا
والصحبة دي واحشانا
والفرحة مش سايعانا
الصحبة دي واحشانا
والفرحة مش سايعانا
يا مرحبا يا هنانا
يا مرحبا يا هنانا

يا أغلى حاجة لينا
هلا هلا
رديتوا روحنا فينا
هلا هلا
يا أغلى حاجة لينا
هلا هلا
رديتوا روحنا فينا
هلا هلا
ده البعد عنكم نار والفرقة بإستمرار
البعد عنكم نار والفرقة بإستمرار
الرحمة يا أهل الدار واحشنا والله ياما",1980,1
Late 1980s,قلوع,"قلوع قلوع قلوع
قلوع مروحين
عيون عيون عيون
عيون متغربين
قلوع قلوع قلوع
قلوع مروحين
عيون عيون عيون
عيون متغربين
ما حد عارف مين، مين المروّحين
ما حد عارف مين، مين المروّحين
مين اللي راح يفرح ومين يبات حزين
ومين يبات حزين

لقى وفرقه وقدر، ومين يختار نصيبه
حبيب زي القمر، غريب في ليل حبيبه
لقى وفرقه وقدر، ومين يختار نصيبه
حبيب زي القمر، غريب في ليل حبيبه
بعدي بحر دموع، يصادفني بحر ندم
بعدي بحر دموع، يصادفني بحر ندم
راحوا صحاب حواليا، ليا فيهم عشم
بشر يزرع قمر، في عتمة الدموع
وقلوب زي المطر، وقلوب من غير قلوب
يا روحي يا عطشانة، يا نفسي يا تعبانة
قولوا على فين واخدانا في رحلة الحنين
في رحلة الحنين",1980,1
Late 1980s,عودي يا ليالي ,"عودي يا ليالي تاني، عودي يا ليالي
جرحي من حبيبي الغالي، سهرني الليالي
عودي يا ليالي تاني، عودي يا ليالي
جرحي من حبيبي الغالي، سهرني الليالي
يا قلبي آه من فرقة الأحباب
وكل آه، عذاب يصحي عذاب
يا قلبي آه من فرقة الأحباب
وكل آه، عذاب يصحي عذاب
والوعد والمكتوب، غلاب غلاب

ياما من حنانه سقاني قبل ما ينساني
دلوقتي عطشان يا زماني والمر في لساني
ياما من حنانه سقاني قبل ماينساني
دلوقتي عطشان يا زماني والمر في لساني
فات لآساه والقلب ليه مشتاق
وفي اللقى بعتب عليك يا فراق
فات لآساه والقلب ليه مشتاق
وفي اللقى بعتب عليك يا فراق
بعتب وأقول مشتاق، مشتاق، مشتاق

يا نجوم الليل يا خلاني، إحكوله أحزاني
قولوله حبيبك تايه في الدنيا وحداني
يا نجوم الليل يا خلاني، إحكوله أحزاني
قولوله حبيبك تايه في الدنيا وحداني
حتى مناه الفرح منه غاب
جرحه معاه عاشق وعمره ما تاه
حتى مناه الفرح منه غاب
جرحه معاه عاشق وعمره ما تاه
والوعد والمكتوب، غلاب غلاب

وعودي يا ليالي تاني، عودي يا ليالي
جرحي من حبيبي الغالي، سهرني الليالي
عودي يا ليالي تاني، عودي يا اليالي
جرحي من حبيبي الغالي، سهرني الليالي
يا قلبي آه من فرقة الأحباب
وكل آه، عذاب يصحي عذاب
يا قلبي آه
وكل آه، عذاب يصحي عذاب
والوعد والمكتوب، غلاب غلاب
الوعد والمكتوب، غلاب غلاب
الوعد والمكتوب، غلاب غلاب
الوعد والمكتوب، غلاب غلاب
الوعد والمكتوب، غلاب غلاب",1980,1
Late 1980s,ماله,"ماله، ماله ماله ماله
ماله، والله ماله ماله
ماله، ماله ماله ماله
ماله، والله ماله ماله
ماله، ماله ماله ماله
ماله، والله ماله ماله
ماله، ماله ماله ماله
ماله، والله ماله ماله

ماله، ماله ماله ماله
ماله، والله ماله ماله
ماله، ماله ماله ماله
ماله، والله ماله ماله
ماله لو حبيته، جوة عينيا وداريته
ماله لو حبيته، جوة عينيا وداريته
هو اللي حبيته، جوة عينيا داريته
هو اللي حبيته، جوة عينيا داريته

أنا ليلي نهاري، فكري بيه مشغول
كيف أنساه دلوني، هو دا معقول
أنا ليلي نهاري، فكري بيه مشغول
كيف أنساه دلوني، هو دا معقول
قولوا زي ما تقولوا، لكن حبه بصونه
قولوا زي ما تقولوا، لكن حبه بصونه
قولوا زي ما تقولوا، لكن حبه بصونه

والله ماله
ماله، ماله ماله ماله
ماله، والله ماله ماله
ماله، ماله ماله ماله
ماله لو حبيته، جوة عينيا وداريته
ماله لو حبيته، جوة عينيا وداريته
هو اللي حبيته، جوة عينيا داريته
هو اللي حبيته، جوة عينيا داريته

يا حُسّادنا مالكم بيا وبخلي
ليه عايزين خصامنا أنا وحبيب عمري
يا حُسّادنا مالكم بيا وبخلي
ليه عايزين خصامنا أنا وحبيب عمري
إيه هيعود من فراقنا
ليه عايزين ليه خصامنا
إيه هيعود من فراقنا
ليه عايزين ليه خصامنا

والله ماله
ماله، ماله ماله ماله
ماله، والله ماله ماله
ماله، ماله ماله ماله
ماله لو حبيته، جوة عينيا وداريته
ماله لو حبيته، جوة عينيا وداريته
هو اللي حبيته، جوة عينيا داريته
هو اللي حبيته، جوة عينيا داريته

يا عيوني السهارى، فين حبيب قلبي
ساب الليل ويايا وخد معاه عمري
يا عيوني السهارى، فين حبيب قلبي
ساب الليل ويايا وخد معاه عمري
داروا عيونكو حسدتونا
آه من نار اللي شافونا
داروا عيونكو حسدتونا
آه من نار اللي شافونا
داروا عيونكو حسدتونا
آه من نار اللي شافونا

والله ماله
ماله، ماله ماله ماله
ماله، والله ماله ماله
ماله، ماله ماله ماله
ماله، والله ماله ماله
ماله، ماله ماله ماله
ماله، والله ماله ماله
ماله، ماله ماله ماله
ماله، والله ماله ماله
ماله، ماله ماله ماله
ماله، والله ماله ماله
ماله، ماله ماله ماله
ماله، والله ماله ماله
ماله، ماله ماله ماله
ماله، والله ماله ماله
ماله، ماله ماله ماله
ماله، والله ماله ماله
ماله، ماله ماله ماله
ماله، والله ماله ماله",1980,1
Late 1980s,مدي إيدك,"مدي إيدك، للإيدين المفرودين
وأحضنيني وإنسي بكرة والسنين
مدي إيدك، للإيدين المفرودين
وأحضنيني وأنسي بكرة والسنين
بينا يلا يا صبية، نعشق اللحظة اللي جاية
بينا يلا يا صبية، نعشق اللحظة اللي جاية
قربي دا الشط قلبي والليالي قليلين
يلا يلا، يلا يلا، يلا يلا يا صبية، دي الليالي قليلين

يا عيوني، بتناديلنا سهرانين
عطشانين، حب والله ومشتاقين
يا عيوني، بتناديلنا سهرانين
عطشانين، حب والله ومشتاقين
عمر راجع من القسية
من ليالي عذابها فيا
عمر راجع من القسية
من ليالي عذابها فيا
زي طفل وليد بيحدف ويبكي على الصدر الحنون
يلا يلا، يلا يلا، يلا يلا يا صبية، قلبي ما يعرف يخون

مدي إيدك، للإيدين المفرودين
وأحضنيني وإنسي بكرة والسنين
بينا يلا يا صبية، نعشق اللحظة اللي جاية
بينا يلا يا صبية، نعشق اللحظة اللي جاية
قربي دا الشط قلبي والليالي قليلين
يلا يلا، يلا يلا، يلا يلا يا صبية، دي الليالي قليلين

بندهك، بقلب ما يعرف يخون
إسمعيني، وإبعدي كل الظنون
بندهك، بقلب ما يعرف يخون
إسمعيني، وإبعدي كل الظنون
وأما كتر اللوم عليا والزمان عملها فيا
وأما كتر اللوم عليا والزمان عملها فيا
إفتكرت معاكي حبي وإفتكرت أجمل سنين
يلا يلا، يلا يلا، يلا يلا يا صبية، دي الليالي قليلين

مدي إيدك، للإيدين المفرودين
وأحضنيني وإنسي بكرة والسنين
مدي إيدك، للإيدين المفرودين
وأحضنيني وإنسي بكرة والسنين
بينا يلا يا صبية، نعشق اللحظة اللي جاية
بينا يلا يا صبية، نعشق اللحظة اللي جاية
قربي دا الشط قلبي والليالي قليلين
يلا يلا، يلا يلا، يلا يلا يا صبية، دي الليالي قليلين",1980,1
Late 1980s,راحل,"راحل أنا، أنا راحل ومفارق الأحباب
ماشي في ضل الأحزان لبلاد الأغراب
راحل أنا، أنا راحل ومفارق الأحباب
ماشي في ضل الأحزان لبلاد الأغراب

راحل يا دار الأحباب، راحل أنا عنكم
قدري أعيش غرّاب، قدري أضيع منكم
راحل يا دار الأحباب، راحل أنا عنكم
قدري أعيش غرّاب، قدري أضيع منكم

يا ربي ليه حبيتك، صعب الفراق على العين
فين قلبي يوم ما رائيتك، مطرح لقانا فين

راحل أنا، أنا راحل ومفارق الأحباب
ماشي في ضل الأحزان لبلاد الأغراب
راحل أنا، أنا راحل ومفارق الأحباب
ماشي في ضل الأحزان لبلاد الأغراب

ماشي أنا في طريق وإنتي في طريق ثاني
لا شمع عاد بيضئ ولا دمع آه ينساني
ماشي أنا في طريق وإنتي في طريق ثاني
لا شمع عاد بيضئ ولا دمع آه ينساني

يا ربي ليه حبيتك، صعب الفراق على العين
فين قلبي يوم ما رائيتك، مطرح لقانا فين

راحل أنا، أنا راحل ومفارق الأحباب
ماشي في ضل الأحزان لبلاد الأغراب
راحل أنا، أنا راحل ومفارق الأحباب
ماشي في ضل الأحزان لبلاد الأغراب

راحل يا روح الروح، راحل بلا مرسى
صعب الحنين دا يضيع، صعب العيون تنسى
راحل يا روح الروح، راحل بلا مرسى
صعب الحنين دا يضيع، صعب العيون تنسى

يا ربي ليه حبيتك، صعب الفراق على العين
فين قلبي يوم ما رائيتك، مطرح لقانا فين

راحل أنا، أنا راحل ومفارق الأحباب
ماشي في ضل الأحزان لبلاد الأغراب
راحل أنا، أنا راحل ومفارق الأحباب
ماشي في ضل الأحزان لبلاد الأغراب
راحل أنا، أنا راحل ومفارق الأحباب
ماشي في ضل الأحزان لبلاد الأغراب
راحل أنا، أنا راحل ومفارق الأحباب
ماشي في ضل الأحزان لبلاد الأغراب",1980,1
Late 1980s,المكتوب على الجبين,"ومنين أجيب ناس لمعناة السؤال يتلوه
ومنين أجيب ناس لمعناة السؤال يتلوه
الجدع قتلوه، والجدع قتلوه
وعلى النيابة جابوه
أسأل سؤال، ما له رد قالوه
ومنين أجيب ناس لمعناة السؤال يتلوه

عارفين ولا مش عارفين
ولا على الحكومة داروه
إحتارت والله، إحتارت والله
أحط الحرف فوق السطر ولا أبكي على المكتوب
أنا أبكي على المكتوب

ومنين أجيب ناس لمعناة السؤال يتلوه

يا رحمة فين أراضيكي
برقبتي وروحي أفديكي
يا رحمة فين أراضيكي
برقبتي وروحي أفديكي
وأحل لغز السؤال
يا رحمة فين أراضيكي، أراضيكي

ومنين أجيب ناس لمعناة السؤال يتلوه

والمكتوب على الجبين لازم تشوفه العين
لازم، لازم تشوفه العين
والمكتوب على الجبين لازم تشوفه العين
لازم، لازم تشوفه العين

دي حكاية حكاها الحكيم وعاشها بقلبه وشافها كمان بالعين
نائب عمومي أصولي، محتار ضناه العدل
والعدالة نجيبها منين
ورمش عين الحبيبة يفرش على فدادين
دا رمش عين الحبيبة يفرش على فدادين

والمكتوب على الجبين لازم تشوفه العين
لازم، لازم تشوفه العين
والمكتوب على الجبين لازم تشوفه العين
لازم، لازم تشوفه العين

والحق له وشين
واحد مع اللي إنكتب والتاني مع الملايين
الحق له وشين
واحد مع اللي إنكتب والتاني مع الملايين
عصفور وريشه طار من الجناحين
واللي إنقتل على السور، لازم تشوفه العين
وأسئلة ألوفات، مين اللي إنقتل واللي قتل
مين اللي إنقتل واللي قتل، نجيب الإجابة منين
نجيب الإجابة منين
دي حكاية حكاها الحكيم وعاشها بقلبه وشافها كمان بالعين
نائب عمومي بيسأل، باب العدالة منين
باب العدالة منين

والمكتوب على الجبين لازم تشوفه العين
لازم، لازم تشوفه العين
والمكتوب على الجبين لازم تشوفه العين
لازم، لازم تشوفه العين
والمكتوب على الجبين لازم تشوفه العين
لازم، لازم تشوفه العين
والمكتوب على الجبين لازم تشوفه العين
لازم، لازم تشوفه العين",1980,1
Late 1980s,أفراح,"لما بأحلامنا نسهر ليالينا
لما بأحلامنا نسهر ليالينا
تفرح أيامنا، تضحك في عينينا
لما بأحلامنا نسهر ليالينا
لما بأحلامنا نسهر ليالينا
تفرح أيامنا، تضحك في عينينا

طراح يا ليل، الأمل طراح
طراح يا ليل، الأمل أفراح

ليلنا قال إزاي الحال
ليلنا قال إزاي الحال
قولنا الحال عال العال
ليلنا قال إزاي الحال
ليلنا قال إزاي الحال
قولنا الحال عال العال
ليلنا قال إزاي الحال
ليلنا قال إزاي الحال
قولنا الحال عال العال
ليلنا قال إزاي الحال
ليلنا قال إزاي الحال
قولنا الحال عال العال
ليل يا ليل وأما نميل

طراح يا ليل، الأمل طراح
طراح يا ليل، الأمل أفراح

ليل يا ليل وأما نميل
ليل يا ليل وأما نميل
ما نميلش يا ليل غير لجميل
ليل يا ليل وأما نميل
ليل يا ليل وأما نميل
ما نميلش يا ليل غير لجميل
ليل يا ليل وأما نميل
ليل يا ليل وأما نميل
ما نميلش يا ليل غير لجميل
ليل يا ليل وأما نميل
ليل يا ليل وأما نميل
ما نميلش يا ليل غير لجميل

طراح يا ليل، الأمل طراح
طراح يا ليل، الأمل أفراح

لما بأحلامنا نسهر ليالينا
لما بأحلامنا نسهر ليالينا
تفرح أيامنا، تضحك في عينينا
لما بأحلامنا نسهر ليالينا
لما بأحلامنا نسهر ليالينا
تفرح أيامنا، تضحك في عينينا

طراح يا ليل، الأمل طراح
طراح يا ليل، الأمل أفراح",1980,1
Late 1980s,زيتوني,"زيتوني، يا اللي عيونك سحروني، والله عيونك
زيتوني، يا اللي عيونك سحروني، والله عيونك
زيتوني، يا اللي عيونك سحروني، والله عيونك
زيتوني، يا اللي عيونك سحروني، والله عيونك

نساية وناسية هوايا وعذابك فيا هواية
وجنايتي عشق عيونك، مش قادر أنسى عيونك

زيتوني، يا اللي عيونك سحروني، والله عيونك
زيتوني، يا اللي عيونك سحروني، والله عيونك

من نظرتين وملكتي الروح، في ثانيتين أنا دوبت حنين
وقولت إوعى يا قلبي تروح، لقيت هواك كدا واري العين
وألف مين يتمنى عيونِك

زيتوني، يا اللي عيونك سحروني، والله عيونك
زيتوني، يا اللي عيونك سحروني، والله عيونك
زيتوني، يا اللي عيونك سحروني، والله عيونك
زيتوني، يا اللي عيونك سحروني، والله عيونك

قدرت أنسى الكل في ثانية إلا عيونك ما نسيتهاش
جنة رب الكون في الدنيا واللي يحب ما يتمناش
من الحلوين غير بس عيونك

زيتوني، يا اللي عيونك سحروني، والله عيونك
زيتوني، يا اللي عيونك سحروني، والله عيونك
زيتوني، يا اللي عيونك سحروني، والله عيونك
زيتوني، يا اللي عيونك سحروني، والله عيونك

نساية وناسية هوايا وعذابك فيا هواية
وجنايتي عشق عيونك، مش قادر أنسى عيونك

زيتوني، يا اللي عيونك سحروني، والله عيونك
زيتوني، يا اللي عيونك سحروني، والله عيونك
زيتوني، يا اللي عيونك سحروني، والله عيونك
زيتوني، يا اللي عيونك سحروني، والله عيونك
زيتوني، يا اللي عيونك سحروني، والله عيونك
زيتوني، يا اللي عيونك سحروني، والله عيونك
زيتوني، يا اللي عيونك سحروني، والله عيونك
زيتوني، يا اللي عيونك سحروني، والله عيونك",1980,1
Late 1980s,لو قال,"لو قال أنا مهري السهر، عمري السهر لو قال
لو قال أنا قلبي وتر، أنا قلبي له موال
لو قال أنا مهري السهر، عمري السهر لو قال
لو قال أنا قلبي وتر، أنا قلبي له موال

لو قال يا ناس لو قال هيرقص الموال
ويفرحنا ويريحنا في الغربة والترحال
لو قال يا ناس لو قال هيرقص الموال
ويفرحنا ويريحنا في الغربة والترحال

لو قال أنا مهري السهر، عمري السهر لو قال
لو قال أنا قلبي وتر، أنا قلبي له موال
لو قال أنا مهري السهر، عمري السهر لو قال
لو قال أنا قلبي وتر، أنا قلبي له موال

عشمان أنا عشمان والقلب قال لو كان
طبعه الحنان، إحنا كمان سكتنا شوق وحنان
عشمان أنا عشمان والقلب قال لو كان
طبعه الحنان، إحنا كمان سكتنا شوق وحنان

لو قال أنا مهري السهر، عمري السهر لو قال
لو قال أنا قلبي وتر، أنا قلبي له موال

لو قال يا ريته يقول، خايف سكوته يطول
دا إحنا صابرين لكن عارفين إن إحنا في يوم هنّول
لو قال يا ريته يقول، خايف سكوته يطول
دا إحنا صابرين لكن عارفين إن إحنا في يوم هنّول

لو قال أنا مهري السهر، عمري السهر لو قال
لو قال أنا قلبي وتر، أنا قلبي له موال
لو قال أنا مهري السهر، عمري السهر لو قال
لو قال أنا قلبي وتر، أنا قلبي له موال

يا ليلي قول، قولها لكل السهارى
إمتى اللقا يا ليل، إمتى اللقا يا ليل
يحضن قلوبنا الحيارى، يحضن قلوبنا الحيارى
يحضن قلوبنا الحيارى، يحضن قلوبنا الحيارى
دا إحنا فراقنا خسارة يا ليلي يا
دا إحنا فراقنا خسارة يا ليلي",1980,1
Late 1980s,يا طير يا متغرب,"يا طير يا متغرب، بيتك الأخضر قرب
يا طير يا متغرب، بيتك الأخضر قرب
يا طير يا متغرب، بيتك الأخضر قرب

يا طير يا متغرب، بيتك الأخضر قرب
يا طير يا متغرب، بيتك الأخضر قرب

بعد ما طال مشوار، طلعت شمس نهارك
بعد ما طال مشوار، طلعت شمس نهارك
إرجع عمر دارك وإبدأ تاني وجرب
يا طير يا متغرب، يا متغرب

أوعى يغرك طيشك ولا تغير ريشك
أوعى يغرك طيشك ولا تغير ريشك
وعلشان لقمة عيشك تمشي ورا التيار
خوفي عندي بنيته في الغربة وعليته
ألاقيك يوم هديته والأحلام تنهار
يا طير يا متغرب، يا متغرب

حاسب إمسك تبت، في الزرع اللي منبت
حاسب إمسك تبت، في الزرع اللي منبت
علشان بلدك حبت فيك عزم وإصرار
صدق المثل القايل إن العود المايل
عمره في يوم ما هو شايل على أغصانه ثمار
يا طير يا متغرب، يا متغرب

يا طير يا متغرب، بيتك الأخضر قرب
يا طير يا متغرب، بيتك الأخضر قرب

بعد ما طال مشوار، طلعت شمس نهارك
بعد ما طال مشوار، طلعت شمس نهارك
إرجع عمر دارك وإبدأ تاني وجرب
يا طير يا متغرب، يا متغرب

يا طير يا متغرب، بيتك الأخضر قرب
يا طير يا متغرب، بيتك الأخضر قرب
يا طير يا متغرب، بيتك الأخضر قرب
يا طير يا متغرب، بيتك الأخضر قرب
يا طير يا متغرب، بيتك الأخضر قرب
يا طير يا متغرب، بيتك الأخضر قرب",1980,1
Late 1980s,أمال إيه,"أمال إيه أمال إيه، مايختلفش إتنين عليه
أمال إيه أمال إيه، مايختلفش إتنين عليه
عنده الجاه، عنده المال
عنده الجاه، عنده المال
عنده السحر في ضي عينيه
أمال إيه أمال إيه أمال إيه
أمال إيه أمال إيه، مايختلفش إتنين عليه
أمال إيه أمال إيه، مايختلفش إتنين عليه
عنده الجاه، عنده المال
عنده الجاه، عنده المال
عنده السحر في ضي عينيه
أمال إيه أمال إيه أمال إيه

طرحة جبينة ورد في خده
طرحة جبينة ورد في خده
ورد عليه، سيدي فل عليه
كل الناس طمعانة في وده
كل الناس طمعانة في وده
كل الناس، سيدي كل الناس
طرحة جبينة ورد في خده
طرحة جبينة ورد في خده
ورد عليه، سيدي فل عليه
كل الناس طمعانة في وده
كل الناس طمعانة في وده
كل الناس، سيدي كل الناس
اللي الحب زماممه في يده
دا اللي الحب زماممه في يده
مالك كل الناس حواليه

أمال إيه أمال إيه، مايختلفش إتنين عليه
أمال إيه أمال إيه، مايختلفش إتنين عليه
عنده الجاه، عنده المال
عنده الجاه، عنده المال
عنده السحر في ضي عينيه
أمال إيه أمال إيه أمال إيه

كدا من غير خلخال مخايلني
كدا من غير خلخال مخايلني
كدا من غير، من غير خلخال
زيه مافيش له زي، عاجبني
زيه مافيش له زي، عاجبني
زيه مافيش، كدا زيه مافيش
كدا من غير خلخال مخايلني
كدا من غير خلخال مخايلني
كدا من غير، من غير خلخال
زيه مافيش له زي، عاجبني
زيه مافيش له زي، عاجبني
زيه مافيش، كدا زيه مافيش
أسمر، قلبي إتسمر مني
أسمر، قلبي إتسمر مني
لما عينيا جت في عينيه

أمال إيه أمال إيه، مايختلفش إتنين عليه
أمال إيه أمال إيه، مايختلفش إتنين عليه
عنده الجاه، عنده المال
عنده الجاه، عنده المال
عنده السحر في ضي عينيه
أمال إيه أمال إيه أمال إيه
أمال إيه أمال إيه، مايختلفش إتنين عليه
أمال إيه أمال إيه، مايختلفش إتنين عليه
عنده الجاه، عنده المال
عنده الجاه، عنده المال
عنده السحر في ضي عينيه
أمال إيه أمال إيه أمال إيه",1980,1
Late 1980s,خالصين,"لو شوقك قد شوقي، يبقى إحنا كده خالصين
هنقول للدنيا روقي وتعالي بأحلى سنين
لو شوقك قد شوقي، يبقى إحنا كده خالصين
هنقول للدنيا روقي وتعالي بأحلى سنين
وتعالي تعالي تعالي، يا اللي دايماً على بالي
وتعالي تعالي تعالي، يا اللي دايماً على بالي
لو حالك كان من حالي يبقى إحنا كده خالصين

لو شوقك قد شوقي، يبقى إحنا كده خالصين
هنقول للدنيا روقي وتعالي بأحلى سنين
لو شوقك قد شوقي، يبقى إحنا كده خالصين
هنقول للدنيا روقي وتعالي بأحلى سنين
وتعالي تعالي تعالي، يا اللي دايماً على بالي
وتعالي تعالي تعالي، يا اللي دايماً على بالي
لو حالك كان من حالي يبقى إحنا كده خالصين

قلبي بيسألني سؤال وسؤاله جوابه معاكي
لو عاش قلبي رحال في بلاد الشوق وياكي
قلبي بيسألني سؤال وسؤاله جوابه معاكي
لو عاش قلبي رحال في بلاد الشوق وياكي
هيلاقي معاكي طريقه ولا هيتوه في هواكي
هيلاقي معاكي طريقه ولا هيتوه في هواكي

لو شوقك قد شوقي، يبقى إحنا كده خالصين
هنقول للدنيا روقي وتعالي بأحلى سنين
لو شوقك قد شوقي، يبقى إحنا كده خالصين
هنقول للدنيا روقي وتعالي بأحلى سنين
وتعالي تعالي تعالي، يا اللي دايماً على بالي
وتعالي تعالي تعالي، يا اللي دايماً على بالي
لو حالك كان من حالي يبقى إحنا كده خالصين

أيام بتجيب أيام ولإمتى أنا هستنى
هفضل عايش أحلام ولا فعلاً هتهنى
أيام بتجيب أيام ولإمتى أنا هستنى
هفضل عايش أحلام ولا فعلاً هتهنى
قلبي هيلاقي نصيبه ولا هيفضل يتمنى
قلبي هيلاقي نصيبه ولا هيفضل يتمنى

لو شوقك قد شوقي، يبقى إحنا كده خالصين
هنقول للدنيا روقي وتعالي بأحلى سنين
لو شوقك قد شوقي، يبقى إحنا كده خالصين
هنقول للدنيا روقي وتعالي بأحلى سنين
وتعالي تعالي تعالي، يا اللي دايماً على بالي
وتعــــــــــــــــــالي، يا اللي دايماً على بالي
لو حالك كان من حالي يبقى إحنا كده خالصين

أيوه إحنا كده خالصين
يبقى إحنا كده خالصين
أيوه إحنا كده خالصين
يبقى إحنا كده خالصين
أيوه إحنا كده خالصين
خالصين خالصين خالصين
يبقى إحنا كده خالصين
أيوه إحنا كده خالصين
خالصين خالصين خالصين
يبقى إحنا كده خالصين
أيوه إحنا كده خالصين
خالصين خالصين خالصين",1980,1
Late 1980s,عيني منك,"عيني عيني منك والله، والله عيني منك
عيني عيني منك والله، والله عيني منك
يا سكر نبات
نصي الحلو إنتي، إنتي يا حبيبتي
نصي الحلو إنتي، إنتي يا حبيبتي
يا أحلى البنات
عيني عيني منك والله، والله عيني منك
عيني عيني منك والله، والله عيني منك
يا سكر نبات
نصي الحلو إنتي، إنتي يا حبيبتي
نصي الحلو إنتي، إنتي يا حبيبتي
يا أحلى البنات

واربي الباب وعدي، عدي القلب عدي
واربي الباب وعدي، عدي القلب عدي
عدي من سكات، قلبي دار أمان
قلبي يا ضنايا، ملاك مش معايا
قلبي يا ضنايا، ملاك مش معايا
تايه من زمان
تايه جوة أرضك، ألف آه في عرضك
تايه جوة أرضك، ألف آه في عرضك
تديني العنوان
قلبي يا ضنايا، ملاك مش معايا
قلبي يا ضنايا، ملاك مش معايا
تايه من زمان
تايه جوة أرضك، ألف آه في عرضك
تايه جوة أرضك، ألف آه في عرضك
تديني العنوان
واربي الباب وعدي، عدي القلب عدي
واربي الباب وعدي، عدي القلب عدي
عدي من سكات، قلبي دار أمان

إيه أخرتها معاكي، حب وحبناكي
إيه أخرتها معاكي، حب وحبناكي
صبر صبرنا سنين
عشق عشقت عينيكي، غيرة وغيرت عليكي
عشق عشقت عينيكي، غيرة وغيرت عليكي
وبرضه مش عاجبين
إيه أخرتها معاكي، حب وحبناكي
إيه أخرتها معاكي، حب وحبناكي
صبر صبرنا سنين
عشق عشقت عينيكي، غيرة وغيرت عليكي
عشق عشقت عينيكي، غيرة وغيرت عليكي
وبرضه مش عاجبين
واربي الباب وعدي، عدي القلب عدي
واربي الباب وعدي، عدي القلب عدي
عدي من سكات، قلبي دار أمان

عيني عيني منك والله، والله عيني منك
عيني عيني منك والله، والله عيني منك
عيني عيني منك والله، والله عيني منك
عيني عيني منك والله، والله عيني منك
عيني عيني منك والله، والله عيني منك
عيني عيني منك والله، والله عيني منك
عيني عيني منك والله، والله عيني منك",1980,1
Late 1980s,السكة مش طويلة,"السكة مش طويلة فاضل على الحلم خطوة
وهعدي في يوم وليلة لكن خايف يا بكرة
السكة مش طويلة فاضل على الحلم خطوة
وهعدي في يوم وليلة لكن خايف يا بكرة

جايز على قد خوفنا، فرح الأيام يشوفنا
جايز على قد خوفنا، فرح الأيام يشوفنا
وينور كل ليلة

الحلم اللي إنتي فيه زي الأيام بريئة
إمتى بكرة نلاقيه، إمتى هيكون حقيقة
الحلم اللي إنتي فيه زي الأيام بريئة
إمتى بكرة نلاقيه، إمتى هيكون حقيقة

لكن على قد ما أحلم، الشوقة في قربك أرحم
لكن على قد ما أحلم، الشوقة في قربك أرحم
من البعد ولو لليلة

بحلم بيكي إبتسامة رسمالي بكرة ضحكة
وفي أيام الملامة بتكوني طريق وسكة
بحلم بيكي إبتسامة رسمالي بكرة ضحكة
وفي أيام الملامة بتكوني طريق وسكة

يا بكرة تعالى بكرة وإرميني في كل فكرة
يا بكرة تعالى بكرة وإرميني في كل فكرة
تخلق من الخوف وسيلة

السكة مش طويلة فاضل على الحلم خطوة
وهعدي في يوم وليلة لكن خايف يا بكرة
السكة مش طويلة فاضل على الحلم خطوة
وهعدي في يوم وليلة لكن خايف يا بكرة",1980,1
Late 1980s,ليلة,"ليلة ليلة ليلة على ضي القمر
ليلة ليلة ليلة يحلو السهر
ليلة ليلة ليلة على ضي القمر
ليلة ليلة ليلة يحلو السهر

هنغني للعشاق ونغني للمشتاق
ونقول إبعد يا فراق
هنغني للعشاق ونغني للمشتاق
ونقول إبعد يا فراق
ليلة ليلة ليلة ليلة ليلة ليلة

ليلة ليلة ليلة على ضي القمر
ليلة ليلة ليلة يحلو السهر

على ضي القمر وفي حضن السهر
على ضي القمر وفي حضن السهر
من فرحة قلوبنا، نهز الوتر
على ضي القمر وفي حضن السهر
على ضي القمر وفي حضن السهر
من فرحة قلوبنا، نهز الوتر
ونغني سوا وياخدنا الهوى
نهرب من همومنا على ضي القمر
على ضي القمر وفي حضن السهر
من فرحة قلوبنا، نهز الوتر
ليلة ليلة ليلة على ضي القمر
ليلة ليلة ليلة يحلو السهر
ليلة ليلة ليلة على ضي القمر
ليلة ليلة ليلة يحلو السهر

هنغني للعشاق ونغني للمشتاق
ونقول إبعد يا فراق
هنغني للعشاق ونغني للمشتاق
ونقول إبعد يا فراق
ليلة ليلة ليلة ليلة ليلة ليلة

ليلة ليلة ليلة على ضي القمر
ليلة ليلة ليلة يحلو السهر
ليلة ليلة ليلة على ضي القمر
ليلة ليلة ليلة يحلو السهر
ليلة ليلة ليلة على ضي القمر
ليلة ليلة ليلة يحلو السهر
ليلة ليلة ليلة على ضي القمر
ليلة ليلة ليلة يحلو السهر
ليلة ليلة ليلة على ضي القمر
ليلة ليلة ليلة يحلو السهر
ليلة ليلة ليلة على ضي القمر
ليلة ليلة ليلة يحلو السهر
ليلة ليلة ليلة على ضي القمر
ليلة ليلة ليلة يحلو السهر
ليلة ليلة ليلة على ضي القمر
ليلة ليلة ليلة يحلو السهر
ليلة ليلة ليلة على ضي القمر
ليلة ليلة ليلة يحلو السهر
ليلة ليلة ليلة على ضي القمر
ونغني للعشاق ونغني للمشتاق
ونقول إبعد يا فراق
هنغني للعشاق ونغني للمشتاق
ونقول إبعد يا فراق
ليلة ليلة ليلة ليلة ليلة ليلة

ليلة ليلة ليلة على ضي القمر
ليلة ليلة ليلة يحلو السهر

يا نجوم السما عاشقين إنما
يا نجوم السما عاشقين إنما
بنخاف من الليالي مين غير القمر
يا نجوم السما عاشقين إنما
يا نجوم السما عاشقين إنما
بنخاف من الليالي مين غير القمر
على ضيه بنفرح وفي نوره بتطرح
أحلام الليالي على ورق الشجر
يا نجوم السما عاشقين إنما
بنخاف من الليالي مين غير القمر

ونغني للعشاق ونغني للمشتاق
ونقول إبعد يا فراق
هنغني للعشاق ونغني للمشتاق
ونقول إبعد يا فراق
ليلة ليلة ليلة ليلة ليلة ليلة",1980,1
Late 1980s,نعشق القمر,"نعشق القمر لما يجمع الصحاب لما
نبكي لو يفرقنا، نفرح لو نكون لمة
نعشق القمر لما يجمع الصحاب لما
نبكي لو يفرقنا، نفرح لو نكون لمة

يطلع القمر لينا، يلمع ضيه في عنينا
يسمع همس أغانينا، يفرح لو تبسمنا

نعشق القمر لما يجمع الصحاب لما
نبكي لو يفرقنا، نفرح لو نكون لمة

بدك، طب ما أنا بدي، يدك دايبة في يدي
مدي الخطى مدي، يعدي لشط أحلامنا
بدك، طب ما أنا بدي، يدك دايبة في يدي
مدي الخطى مدي، يعدي لشط أحلامنا

نعشق القمر لما يجمع الصحاب لما
نبكي لو يفرقنا، نفرح لو نكون لمة

يا أم العيون تحلى، نمشي والطريق يحلى
رحلة بعدها رحلة، نرسى والشطوط ضامة
يا أم العيون تحلى، نمشي والطريق يحلى
رحلة بعدها رحلة، نرسى والشطوط ضامة
نعشق القمر لما يجمع الصحاب لما
نبكي لو يفرقنا، نفرح لو نكون لمة

مدي للهوى قلوعي، دا إنتي غربتي ورجوعي
خلي قلبي في ضلوعي، يفرح باللقى لما
مدي للهوى قلوعي، دا إنتي غربتي ورجوعي
خلي قلبي في ضلوعي، يفرح باللقى لما

نعشق القمر لما يجمع الصحاب لما
نبكي لو يفرقنا، نفرح لو نكون لمة
نعشق القمر لما يجمع الصحاب لما
نبكي لو يفرقنا، نفرح لو نكون لمة

يطلع القمر لينا، يلمع ضيه في عنينا
يسمع همس أغانينا، يفرح لو تبسمنا

نعشق القمر لما يجمع الصحاب لما
نبكي لو يفرقنا، نفرح لو نكون لمة
نعشق القمر لما يجمع الصحاب لما
نبكي لو يفرقنا، نفرح لو نكون لمة
نعشق القمر لما يجمع الصحاب لما
نبكي لو يفرقنا، نفرح لو نكون لمة
نعشق القمر لما يجمع الصحاب لما
نبكي لو يفرقنا، نفرح لو نكون لمة",1980,1
Late 1980s,كلميني,"كلميني وحسي بيا، حسي بالنار اللي فيا
كلميني وحسي بيا، حسي بالنار اللي فيا
إنتي أول حب ليا
إنتي أول حب ليا وإنتي أخر نور في عيني

اللي بيني وبينك إنتي ما إتخلقش غير عشاننا
حب غالي يا حبيبتي، حب ناره أحلى جنة
اللي بيني وبينك إنتي ما إتخلقش غير عشاننا
حب غالي يا حبيبتي، حب ناره أحلى جنة
حب قد الدنيا وأكتر بس نفسي تصدقيني

كلميني وحسي بيا، حسي بالنار اللي فيا
كلميني وحسي بيا، حسي بالنار اللي فيا
إنتي أول حب ليا
إنتي أول حب ليا وإنتي أخر نور في عيني

العيون في الغربة تايهه والحنان تاه عن قلوبنا
لو تعودي يعود شبابها والربيع يرجع صاحبنا
العيون في الغربة تايهه والحنان تاه عن قلوبنا
لو تعودي يعود شبابها والربيع يرجع صاحبنا
والحياة تحلو بينا يوم ما ترضي وتسمعيني
كلميني وحسي بيا، حسي بالنار اللي فيا
كلميني وحسي بيا، حسي بالنار اللي فيا
إنتي أول حب ليا
إنتي أول حب ليا وإنتي أخر نور في عيني

بإختصار محتاج حنانك زي ما إنتي محتاجالي
إفتحي للنور ببانك وإرجعيلي يهدى بالك
بإختصار محتاج حنانك زي ما إنتي محتاجالي
إفتحي للنور ببانك وإرجعيلي يهدى بالك
ترجع الشمس اللي غابت يوم ما قلبك هيناديني

كلميني وحسي بيا، حسي بالنار اللي فيا
كلميني وحسي بيا، حسي بالنار اللي فيا
إنتي أول حب ليا
إنتي أول حب ليا وإنتي أخر نور في عيني",1980,1
Late 1980s,أول ما أقول,"أول ما أقول، الله الله الله
أخر ما أقول، الله الله الله
أول ما أقول، الله الله الله
أخر ما أقول، الله الله الله

الحسن رباني، الله
زيك مافيش تاني، الله
الحسن رباني، الله
زيك مافيش تاني، الله
زيك وفين ألقاه، الله الله الله
زيك وفين ألقاه

شق القمر ليلك، مسا على العاشقين
العين تناديني، يا ضي مالي العين
شق القمر ليلك، مسا على العاشقين
العين تناديني، يا ضي مالي العين
زيك وفين ألقاه، الله الله الله
زيك وفين ألقاه

أول ما أقول، الله الله الله
أخر ما أقول، الله الله الله
يا أم الخدود وردي، الله
حني بقى وأرضي، الله
يا أم الخدود وردي، الله
حني بقى وأرضي، الله
يا حلم بستناه، الله الله الله
زيك وفين ألقاه

طالت لياليا ولا نسيت النوم
بحرك حواليا وأنا نسيت العوم
طالت لياليا ولا نسيت النوم
بحرك حواليا وأنا نسيت العوم
زيك وفين ألقاه، الله الله الله
زيك وفين ألقاه

أول ما أقول، الله الله الله
أخر ما أقول، الله الله الله
أول ما أقول، الله الله الله
أخر ما أقول، الله الله الله

الحسن رباني، الله
زيك مافيش تاني، الله
الحسن رباني، الله
زيك مافيش تاني، الله
زيك وفين ألقاه، الله الله الله
زيك وفين ألقاه، الله الله الله
زيك وفين ألقاه، الله الله الله
زيك وفين ألقاه، الله الله الله
زيك وفين ألقاه، الله الله الله
زيك وفين ألقاه، الله الله الله
زيك وفين ألقاه، الله الله الله
زيك وفين ألقاه، الله الله الله",1980,1
Late 1980s,إزيك,"طب إزيك ما ترد علينا
في عينينا بحور الأشواق
طب إزيك ولا إنت ناسينا
دا قمرنا لضيك مشتاق
طب إزيك ما ترد علينا
في عينينا بحور الأشواق
طب إزيك ولا إنت ناسينا
دا قمرنا لضيك مشتاق
يا ناسينا إسمعنا ولاغينا
يا ناسينا إسمعنا ولاغينا

طب إزيك ما ترد علينا
في عينينا بحور الأشواق
طب إزيك ولا إنت ناسينا
دا قمرنا لضيك مشتاق
طب إزيك ما ترد علينا
في عينينا بحور الأشواق
طب إزيك ولا إنت ناسينا
دا قمرنا لضيك مشتاق

ليالينا في بعدك سهرانة
سهرانة وعطشانة
أغانينا في حبك حيرانة
من حبك آه يانا
ليالينا في بعدك سهرانة
سهرانة وعطشانة
أغانينا في حبك حيرانة
من حبك آه يانا
طب إزيك ما ترد علينا
في عينينا بحور الأشواق
طب إزيك ولا إنت ناسينا
دا قمرنا لضيك مشتاق
طب إزيك ما ترد علينا
في عينينا بحور الأشواق
طب إزيك ولا إنت ناسينا
دا قمرنا لضيك مشتاق

يا ناسينا ليه ناسي هوانا
مين قالك تنسانا
يا رامينا للصبر حزانا
وعيونك شايفانا
يا ناسينا ليه ناسي هوانا
مين قالك تنسانا
يا رامينا للصبر حزانا
وعيونك شايفانا

طب إزيك ما ترد علينا
في عينينا بحور الأشواق
طب إزيك ولا إنت ناسينا
دا قمرنا لضيك مشتاق
طب إزيك ما ترد علينا
في عينينا بحور الأشواق
طب إزيك ولا إنت ناسينا
دا قمرنا لضيك مشتاق
يا ناسينا إسمعنا ولاغينا
يا ناسينا إسمعنا ولاغينا
طب إزيك ما ترد علينا
في عينينا بحور الأشواق
طب إزيك ولا إنت ناسينا
دا قمرنا لضيك مشتاق
طب إزيك ما ترد علينا
في عينينا بحور الأشواق
طب إزيك ولا إنت ناسينا
دا قمرنا لضيك مشتاق
طب إزيك ما ترد علينا
في عينينا بحور الأشواق
طب إزيك ولا إنت ناسينا
دا قمرنا لضيك مشتاق
إزيك ما ترد علينا
في عينينا بحور الأشواق
طب إزيك ولا إنت ناسينا
دا قمرنا لضيك مشتاق
طب إزيك ما ترد علينا
في عينينا بحور الأشواق
طب إزيك ولا إنت ناسينا
دا قمرنا لضيك مشتاق",1980,1
Late 1980s,توبة,"وأهي مرة وعدت وخلاص
حبينا بصدق وإخلاص
وأهي مرة وعدت وخلاص
حبينا بصدق وإخلاص
حبيتك من غير تفكير
حبيتك والقلب إختار
حبيتك من غير تفكير
حبيتك والقلب إختار
وأهي مرة وعدت وخلاص
حبينا بصدق وإخلاص
وأهي مرة وعدت وخلاص
حبينا بصدق وإخلاص
حبيتك من غير تفكير
حبيتك والقلب إختار
حبيتك من غير تفكير
حبيتك والقلب إختار
وفي بحرك ياما عمت كتير
وغرقت في آخر المشوار
وفي بحرك ياما عمت كتير
وغرقت في آخر المشوار

وأهي توبة، توبة توبة توبة
وأهي توبة، توبة توبة توبة
شوفي إزاي إتغير حالي
شوفي إزاي يا حبيبتي بقيت
قلبي ماعدش القلب الخالي
بعد ما شوفتك وإتمنيت
شوفي إزاي إتغير حالي
شوفي إزاي يا حبيبتي بقيت
قلبي ماعدش القلب الخالي
بعد ما شوفتك وإتمنيت
إتمنيت من قلبي تكوني
أحلى عروسة تشوفها عيوني
إتمنيت من قلبي تكوني
أحلى عروسة تشوفها عيوني
وفي بحرك ياما عمت كتير
وغرقت في آخر المشوار
وفي بحرك ياما عمت كتير
وغرقت في آخر المشوار

وأهي توبة، توبة توبة توبة
وأهي توبة، توبة توبة توبة

وأهي مرة وعدت وخلاص
حبينا بصدق وإخلاص
وأهي مرة وعدت وخلاص
حبينا بصدق وإخلاص
حبيتك من غير تفكير
حبيتك والقلب إختار
حبيتك من غير تفكير
حبيتك والقلب إختار
وفي بحرك ياما عمت كتير
وغرقت في آخر المشوار
وفي بحرك ياما عمت كتير
وغرقت في آخر المشوار
وأهي توبة، توبة توبة توبة
وأهي توبة، توبة توبة توبة
توبة توبة توبة
توبة توبة توبة
وأهي توبة، توبة توبة توبة
توبة توبة توبة
توبة توبة توبة
وأهي توبة، توبة توبة توبة
توبة توبة توبة
توبة توبة توبة
وأهي توبة، توبة توبة توبة
توبة توبة توبة
توبة توبة توبة
وأهي توبة، توبة توبة توبة
توبة توبة توبة
توبة توبة توبة",1980,1
Late 1980s,ميال,"من كام سنة وأنا ميال ميال
وفي حبك أنا مشغول البال
من كام سنة وأنا ميال ميال
وفي حبك أنا مشغول البال
لا بتتكلمي ولا بتسلمي
لا بتتكلمي ولا بتسلمي
ليه كل يومين بلاقيكي بحال
طب ده أنا ميال
ميال ميال

ومن كام سنة وأنا ميال ميال
وفي حبك أنا مشغول البال
من كام سنة وأنا ميال ميال
وفي حبك أنا مشغول البال
لا بتتكلمي ولا بتسلمي
لا بتتكلمي ولا بتسلمي
ليه كل يومين بلاقيكي بحال
طب ده أنا ميال
ميال ميال

لفيت بلاد ومشيت بلاد وفي قلبي صورتك جوايا
يا حبيبتي إيه أخر البعاد ماتخلي للبعد نهاية
لفيت بلاد ومشيت بلاد وفي قلبي صورتك جوايا
يا حبيبتي إيه أخر البعاد ماتخلي للبعد نهاية

لا بتتكلمي ولا بتسلمي
لا بتتكلمي ولا بتسلمي
ليه كل يومين بلاقيكي بحال
طب ده أنا ميال
ميال ميال

ومن كام سنة وأنا ميال ميال
وفي حبك أنا مشغول البال
من كام سنة وأنا ميال ميال
وفي حبك أنا مشغول البال
لا بتتكلمي ولا بتسلمي
لا بتتكلمي ولا بتسلمي
ليه كل يومين بلاقيكي بحال
طب ده أنا ميال
ميال ميال

وصلت فوق فوق السحاب ورسمت عينيك نجماية
ونسيت هناك كل العذاب ورجعت بالحب معايا
وصلت فوق فوق السحاب ورسمت عينيك نجماية
ونسيت هناك كل العذاب ورجعت بالحب معايا

لا بتتكلمي ولا بتسلمي
لا بتتكلمي ولا بتسلمي
ليه كل يومين بلاقيكي بحال
طب ده أنا ميال
ميال ميال
ومن كام سنة وأنا ميال ميال
وفي حبك أنا مشغول البال
من كام سنة وأنا ميال ميال
وفي حبك أنا مشغول البال
لا بتتكلمي ولا بتسلمي
لا بتتكلمي ولا بتسلمي
ليه كل يومين بلاقيكي بحال
طب ده أنا ميال
ميال ميال
ده أنا ميال
ده أنا ده أنا ميال
وأنا ميال

ومن كام سنة وأنا ميال ميال
وفي حبك أنا مشغول البال
من كام سنة وأنا ميال ميال
وفي حبك أنا مشغول البال
لا بتتكلمي ولا بتسلمي
لا بتتكلمي ولا بتسلمي
ليه كل يومين بلاقيكي بحال
طب ده أنا ميال
ميال ميال
ومن كام سنة وأنا ميال ميال
وفي حبك أنا مشغول البال",1980,1
Late 1980s,مين غيرك,"مين مين غيرك إنتي في الدنيا، في عينيكي بسهر وأنام
مين مين غيرك إنتي يا عينيا، يا عينيا ردي السلام
مين مين غيرك إنتي في الدنيا، في عينيكي بسهر وأنام
مين مين غيرك إنتي يا عينيا، يا عينيا ردي السلام

الدنيا في بعادك غربة وحياتي من غيرك صعبة
الدنيا في بعادك غربة وحياتي من غيرك صعبة
ضاع مني الأمان والصحبة ولا حدش بقاله أمان
ضاع مني الأمان والصحبة ولا حدش بقاله أمان

مين مين غيرك إنتي في الدنيا، في عينيكي بسهر وأنام
مين مين غيرك إنتي يا عينيا، يا عينيا ردي السلام
مين مين غيرك إنتي في الدنيا، في عينيكي بسهر وأنام
مين مين غيرك إنتي يا عينيا، يا عينيا ردي السلام

من غيرك أنا عشت في توهة وحياتي ميت مرة باعوها
من غيرك أنا عشت في توهة وحياتي ميت مرة باعوها
فين ضاعت أحلامي هاتوها، سقيتوني العذاب ألوان
فين ضاعت أحلامي هاتوها، سقيتوني العذاب ألوان

مين مين غيرك إنتي في الدنيا، في عينيكي بسهر وأنام
مين مين غيرك إنتي يا عينيا، يا عينيا ردي السلام
مين مين غيرك إنتي في الدنيا، في عينيكي بسهر وأنام
مين مين غيرك إنتي يا عينيا، يا عينيا ردي السلام
حبيتك والحب ناداني وعشانك بصيت في العالي
حبيتك والحب ناداني وعشانك بصيت في العالي
مين غيرك في الكون يحلالي، من غيرك ماليش عنوان
مين غيرك في الكون يحلالي، من غيرك ماليش عنوان

مين مين غيرك إنتي في الدنيا، في عينيكي بسهر وأنام
مين مين غيرك إنتي يا عينيا، يا عينيا ردي السلام
مين مين غيرك إنتي في الدنيا، في عينيكي بسهر وأنام
مين مين غيرك إنتي يا عينيا، يا عينيا ردي السلام

مين مين غيرك إنتي في الدنيا، في عينيكي بسهر وأنام
مين مين غيرك إنتي يا عينيا، يا عينيا ردي السلام

مين مين غيرك إنتي في الدنيا، في عينيكي بسهر وأنام
مين مين غيرك إنتي يا عينيا، يا عينيا ردي السلام

مين مين غيرك إنتي في الدنيا، في عينيكي بسهر وأنام
مين مين غيرك إنتي يا عينيا، يا عينيا ردي السلام",1980,1
Late 1980s,شوقنا,"دوبنا دوب
طمنا قرب
فهمنا دا إنت اللى فاهمنا
شوقنا أكتر شوقنا

شوقنا أكتر شوقنا
شوقنا أكتر ما إشتاقنا
وإياك تفكر بحر الشوق مهما علي هيغرقنا
شوقنا أكتر شوقنا
شوقنا أكتر ما إشتاقنا
وإياك تفكر بحر الشوق مهما علي هيغرقنا

دوبنا دوب يا حبيبنا
دوبنا وأوعاك تحسبنا
دوبنا دوب يا حبيبنا
دوبنا وأوعاك تحسبنا
من طول دلالك راح نتعب
عمر الدلال ما هيتعبنا

شوقنا أكتر شوقنا
شوقنا أكتر ما إشتاقنا
وإياك تفكر بحر الشوق مهما علي هيغرقنا
طمنا قرب طمنا
فهمنا دا إنت اللي فاهمنا
طمنا قرب طمنا
فهمنا دا إنت اللي فاهمنا
بتقيس غلاوتك في قلوبنا ولا بتتأكد منا

شوقنا أكتر شوقنا
شوقنا أكتر ما إشتاقنا
وإياك تفكر بحر الشوق مهما علي هيغرقنا

ياللي إنت بعدك يبعدنا
عن أي شىء راح يسعدنا
ياللي إنت بعدك يبعدنا
عن أي شىء راح يسعدنا
صابرين عليك بس مسيرك
راح توفي كل ما توعدنا

شوقنا أكتر شوقنا
شوقنا أكتر ما إشتاقنا
وإياك تفكر بحر الشوق مهما علي هيغرقنا
شوقنا أكتر شوقنا
شوقنا أكتر ما إشتاقنا
وإياك تفكر بحر الشوق مهما علي هيغرقنا
شوقنا أكتر شوقنا
شوقنا أكتر ما إشتاقنا
وإياك تفكر بحر الشوق مهما علي هيغرقنا
شوقنا أكتر شوقنا
شوقنا أكتر ما إشتاقنا
وإياك تفكر بحر الشوق مهما علي هيغرقنا
شوقنا أكتر شوقنا
شوقنا أكتر ما إشتاقنا
وإياك تفكر بحر الشوق مهما علي هيغرقنا
شوقنا أكتر شوقنا
شوقنا أكتر ما إشتاقنا
وإياك تفكر بحر الشوق مهما علي هيغرقنا",1980,1
Late 1980s,إنتي اللي عارفة,"لو كنت يوم باقية عليا كدا زي زمان
كدا زي زمان
بتخبي ليه حبك ليا وتداري كمان
وتداري كمان
لو كنت يوم باقية عليا كدا زي زمان
كدا زي زمان
بتخبي ليه حبك ليا وتداري كمان
وتداري كمان

آه وإنتي اللي عارفة إني بحبك أكثر مني
إنتي اللي عارفة إني بحبك أكثر مني
وإنتي الوحيدة اللي في حبك حسيت بأمان

إنتي اللي عارفة
إنتي اللي عارفة
إنتي اللي عارفة
إنتي اللي عارفة

أنا الغريق اللي إتعلم في عينيكي العوم
وأنا الحبيب اللي إتكلم من أول يوم
أنا الغريق اللي إتعلم في عينيكي العوم
وأنا الحبيب اللي إتكلم من أول يوم[قبل اللازمة]
وإنتي اللي عارفة إني بحبك أكتر مني
وإنتي اللي عارفة إني بحبك أكتر مني
وإنتي الوحيدة اللي في حبك حسيت بأمان

إنتي اللي عارفة
إنتي اللي عارفة
إنتي اللي عارفة
إنتي اللي عارفة

أنا اللي طول الليل ماشي يا حبيبتي وحيد
وأنا اللي عيني ما نايماشي طول ما إنتي بعيد
أنا اللي طول الليل ماشي يا حبيبتي وحيد
وأنا اللي عيني ما نايماشي طول ما إنتي بعيد

وإنتي اللي عارفة إني بحبك أكتر مني
وإنتي اللي عارفة إني بحبك أكتر مني
وإنتي الوحيدة اللي في حبك حسيت بأمان

إنتي اللي عارفة
إنتي اللي عارفة
إنتي اللي عارفة
إنتي اللي عارفة لو كنتي يوم باقية عليا كدا زي زمان
كدا زي زمان
بتخبي ليه حبك ليا وتداري كمان
وتداري كمان
لو كنتي يوم باقية عليا كدا زي زمان
كدا زي زمان
بتخبي ليه حبك ليا وتداري كمان
وتداري كمان

وإنتي اللي عارفة إني بحبك أكتر مني
إنتي اللي عارفة إني بحبك أكتر مني
وإنتي الوحيدة اللي في حبك حسيت بأمان

إنتي اللي عارفة
إنتي اللي عارفة
إنتي اللي عارفة
إنتي اللي عارفة
عارفة، عارفة
إنتي اللي عارفة
إنتي اللي عارفة
إنتي اللي عارفة
إنتي اللي عارفة
إنتي اللي عارفة
إنتي اللي عارفة
إنتي اللي عارفة
إنتي اللي عارفة",1980,1
Late 1980s,كده كده,"وأهي جت كدا
حبيت كدا
أهي جت كدا
حبيت كدا

شفت العيون، الله الله
سحر وجنون، الله الله
شفت العيون، الله الله
سحر وجنون، الله الله
آه خدني الهوى جابني كدا

وأهي جت كدا
حبيت كدا
أهي جت كدا
دا أنا حبيت كدا

شفت العيون، الله الله
سحر وجنون، الله الله
شفت العيون، الله الله
سحر وجنون، الله الله
خدني الهوى جابني كدا
وأهي جت كدا ولا على بالي
شفتك ما حسيتش بحالي
وأهي جت كدا ولا على بالي
شفتك ما حسيتش بحالي
شفت الهنا في سحر عينيكي
سلمت قلبي أنا لإيديكي
شفت الهنا في سحر عينيكي
سلمت قلبي أنا لإيديكي
والعشق جوانا إبتدى

وأهى جت كدا
حبيت كدا
أهي جت كدا
دا أنا حبيت كدا

شفت العيون، الله الله
سحر وجنون، الله الله
شفت العيون، الله الله
سحر وجنون، الله الله
آه خدني الهوى جابني كدا

وأهي جت كدا وأهي آخر مرة
بعدك مشاعري ماهيش حرة
وأهي جت كدا وأهي آخر مرة
بعدك مشاعري ماهيش حرة
بعدك سنيني ماهيش ملكي
ولا عمري أغانيا هتبكي
بعدك سنيني ماهيش ملكي
ولا عمري أغانيا هتبكي
دا مدام قلوبنا متأكدة
وأهي جت كدا
حبيت كدا
أهي جت كدا
دا أنا حبيت كدا

شفت العيون، الله الله
سحر وجنون، الله الله
شفت العيون، الله الله
سحر وجنون، الله الله
آه خدني الهوى جابني كدا

وأهي جت كدا وأهي آخر مرة
بعدك مشاعري ماهيش حرة
وأهيى جت كدا وأهي آخر مرة
بعدك مشاعري ماهيش حرة
بعدك سنيني ماهيش ملكي
ولا عمري أغانيا هتبكي
بعدك سنيني ماهيش ملكي
ولا عمري أغانيا هتبكي
دا مدام قلوبنا متأكدة

وأهي جت كدا
حبيت كدا
أهي جت كدا
دا أنا حبيت كدا
شفت العيون، الله الله
سحر وجنون، الله الله
شفت العيون، الله الله
سحر وجنون، الله الله
شفت العيون، الله الله
سحر وجنون، الله الله
شفت العيون، الله الله
سحر وجنون، الله الله
شفت العيون، الله الله
سحر وجنون، الله الله",1980,1
Late 1980s,ليه,"وليه ليه ليه ليه، أبعد عنك ليه
ليه ليه ليه، ليه أنسى عيونك ليه
وليه ليه ليه ليه، أبعد عنك ليه
ليه ليه ليه، ليه أنسى عيونك ليه

يا اللي قلبي إختارك ماشي وفي تيارك
يا اللي قلبي إختارك ماشي وفي تيارك
دا أنا ماشي بخطي ومش بإرادتي كدا مش عارف ليه
ماشي بخطي ومش بإرادتي كدا مش عارف ليه

وليه ليه ليه ليه، أبعد عنك ليه
ليه ليه ليه، ليه أنسى عيونك ليه

مش بإيديا أبعد عنك يا اللي عيونك سر حياتي
حبك أقوى مني ومنك، حبك آخر أمنياتي
مش بإيديا أبعد عنك يا اللي عيونك سر حياتي
حبك أقوى مني ومنك، حبك آخر أمنياتي
حبك سر عذابي وفرحي، يا اللي عشانك بس بضحي
حبك سر عذابي وفرحي، يا اللي عشانك بس بضحي
أنا ماشي بخطي ومش بإرادتي كدا مش عارف ليه
ماشي بخطي ومش بإرادتي كدا مش عارف ليه
مش بإيديا إن أنا حبيتك، مش بإيديا اخترت طريقي
يا اللي في عز الغربة لقيتك، حبك أول حب حقيقي
مش بإيديا إن أنا حبيتك، مش بإيديا اخترت طريقي
يا اللي في عز الغربة لقيتك، حبك أول حب حقيقي
حبك سر عذابي وفرحي يا اللي عشانك بس بضحي
حبك سر عذابي وفرحي يا اللي عشانك بس بضحي
أنا ماشي بخطي ومش بإرادتي كدا مش عارف ليه
ماشي بخطي ومش بإرادتي كدا مش عارف ليه

وليه ليه ليه ليه، أبعد عنك ليه
ليه ليه ليه، ليه أنسى عيونك ليه

يا اللي قلبي إختارك، ماشي وفي تيارك
يا اللي قلبي إختارك، ماشي وفي تيارك
دا أنا ماشي بخطي ومش بإرادتي كدا مش عارف ليه
ماشي بخطي ومش بإرادتي كدا مش عارف ليه
دا أنا ماشي بخطي ومش بإرادتي كدا مش عارف ليه
ماشي بخطي ومش بإرادتي كدا مش عارف ليه",1980,1
Late 1980s,ليلي,"ليلي ليلي، ليلي ليلي، ليلي ليلي
ليلي ليلي، ليلي ليلي، ليلي ليلي
ليلي ليلي، ليلي يا ليل

ليلي ليلي، يحلى لما عينيكي ليا تميل
ليلي ليلي، ياللي بحلم بيكي طول الليل
مين يا عيني يلومني ولا ياخدك مني
ياللي بعدك عني مستحيل
ليلي ليلي، يحلى لما عينيكي ليا تميل
ليلي ليلي، ياللي بحلم بيكي طول الليل

فينك مش لاقيكي ياللى روحي فيكي
وقلبي بين إيديكي عاشق ليل نهار
فينك مش لاقيكي ياللى روحي فيكي
وقلبي بين إيديكي عاشق ليل نهار

]ليلي ليلي، يحلى لما عينيكي ليا تميل
ليلي ليلي، ياللي بحلم بيكي طول الليل
مين يا عيني يلومني ولا ياخدك مني
ياللي بعدك عني مستحيل

طول الليل بنادي عليكي في كل وادي
ومستني في معادي وجوه القلب نار
طول الليل بنادي عليكي في كل وادي
ومستني في معادي وجوه القلب نار
ليلي ليلي، يحلى لما عينيكي ليا تميل
ليلي ليلي، ياللي بحلم بيكي طول الليل
مين يا عيني يلومني ولا ياخدك مني
ياللي بعدك عني مستحيل

ليلي ليلي، ليلي ليلي، ليلي ليلي
ليلي ليلي، ليلي ليلي، ليلي ليلي
ليلي ليلي، ليلي يا ليل

ليلي ليلي، يحلى لما عينيكي ليا تميل
ليلي ليلي، ياللي بحلم بيكي طول الليل

ليلي ليلي، يحلى لما عينيكي ليا تميل
ليلي ليلي، ياللي بحلم بيكي طول الليل

ليلي ليلي، يحلى لما عينيكي ليا تميل
ليلي ليلي، ياللي بحلم بيكي طول الليل",1980,1
Late 1980s,قمر,"قمر قمر، وعشقته يا ناس
قمر قمر، دا أنا دبت خلاص
قمر قمر، وعشقته يا ناس
قمر قمر، دا أنا دبت خلاص
دا حبها أجمل إحساس، يا أحلى ضحكة شوفتها

قمر قمر، وعشقته يا ناس
قمر قمر، دا أنا دبت خلاص
قمر قمر، وعشقته يا ناس
قمر قمر، دا أنا دبت خلاص
دا حبها أجمل إحساس، يا أحلى ضحكة شوفتها

قمر قمر، وعشقته يا ناس
قمر قمر، دا أنا دبت خلاص
قمر قمر، وعشقته يا ناس
قمر قمر، دا أنا دبت خلاص

في حبها قلبي رماني
هقول لها ما أحلى زماني
في حبها قلبي رماني
هقول لها ما أحلى زماني
دا زماني في عيونك أنغام
حياتي إنتي لحنها
في حبها قلبي رماني
هقول لها ما أحلى زماني
في حبها قلبي رماني
هقول لها ما أحلى زماني
دا زماني في عيونك أنغام
دا زماني في عيونك أنغام
حياتي إنتي لحنها
قمر قمر، وعشقته يا ناس
قمر قمر، دا أنا دبت خلاص
قمر قمر، وعشقته يا ناس
قمر قمر، دا أنا دبت خلاص
دا حبها أجمل إحساس، يا أحلى ضحكة شوفتها

هجيب لها دنيا جميلة
وأغني ليلة ورا ليلة
هجيب لها دنيا جميلة
وأغني ليلة ورا ليلة
أسقيها من شهد الأيام
وقلبي يشرب بعدها
هجيب لها دنيا جميلة
وأغني ليلة ورا ليلة
هجيب لها دنيا جميلة
وأغني ليلة ورا ليلة
أسقيها من شهد الأيام
أسقيها من شهد الأيام
وقلبي يشرب بعدها

قمر قمر، وعشقته يا ناس
قمر قمر، دا أنا دبت خلاص
قمر قمر، وعشقته يا ناس
قمر قمر، دا أنا دبت خلاص
دا حبها أجمل إحساس، يا أحلى ضحكة شوفتها
قمر قمر، وعشقته يا ناس
قمر قمر، دا أنا دبت خلاص
قمر قمر، وعشقته يا ناس
قمر قمر، دا أنا دبت خلاص
دا حبها أجمل إحساس، يا أحلى ضحكة شوفتها

قمر قمر، وعشقته يا ناس
قمر قمر، دا أنا دبت خلاص
قمر قمر، وعشقته يا ناس
قمر قمر، دا أنا دبت خلاص
قمر قمر، وعشقته يا ناس
قمر قمر، دا أنا دبت خلاص
قمر قمر، وعشقته يا ناس
قمر قمر، دا أنا دبت خلاص
قمر قمر، وعشقته يا ناس
قمر قمر، دا أنا دبت خلاص
قمر قمر، وعشقته يا ناس
قمر قمر، دا أنا دبت خلاص",1980,1
Late 1980s,وإيه يعني,"وإيه يعني تودعني وتهجرني وتنساني
وفاكرة البعد ضيعني وسهرني وبكاني
وإيه يعني تودعني وتهجرني وتنساني
وفاكرة البعد ضيعني وسهرني وبكاني

وإيه يعني تروح ماتجيش، وإيه يعني هواها مافيش
وإيه يعني تروح ماتجيش، وإيه يعني هواها مافيش
هوصي القلب ينساها وأوصي عينيا ماتبكيش

وهدور في العيون تاني على فرحة وأمل تاني
وهدور في العيون تاني على فرحة وأمل تاني
مادام باعت أنا بايع، مادام باعت أنا بايع

وإيه يعنى تودعني وتهجرني وتنساني
وفاكرة البعد ضيعني وسهرني وبكاني

وإيه يعني تخون قلبي، وإيه يعني تبيع حبي
وإيه يعني تخون قلبي، وإيه يعني تبيع حبي
لا أنا الأول ولا الآخر ولا كان الفراق ذنبي

دا أنا أدور في العيون تاني، تاني على فرحة وأمل تاني
دا أنا أدور في العيون تاني على فرحة وأمل تاني
مادام باعت أنا بايع، مادام باعت أنا بايع
وإيه يعني تودعني وتهجرني وتنساني
وفاكرة البعد ضيعني وسهرني وبكاني
وإيه يعني تودعني وتهجرني وتنساني
وفاكرة البعد ضيعني وسهرني وبكاني
وإيه يعني تودعني وتهجرني وتنساني
وفاكرة البعد ضيعني وسهرني وبكاني
وإيه يعني تودعني وتهجرني وتنساني
وفاكرة البعد ضيعني وسهرني وبكاني
وإيه يعني تودعني وتهجرني وتنساني
وفاكرة البعد ضيعني وسهرني وبكاني",1980,1
Late 1980s,حبينا,"حبينا، حبينا، حبينا، حبينا

حبينا يا بوي حبينا، حبينا ومش بإيدينا
حبينا يا بوي حبينا، حبينا ومش بإيدينا
حبينا يا بوي ووقعنا، حبينا يا بوي ووقعنا
ولا حدش سمى علينا، ولا حدش سمى علينا
حبينا يا بوي حبينا، حبينا ومش بإيدينا
حبينا يا بوي حبينا، حبينا ومش بإيدينا

حبينا ودايبين دوب
والغالب بات مغلوب
حبينا ودايبين دوب
والغالب بات مغلوب
فين نهرب من المكتوب
فين نهرب من المكتوب
ودا وعد ومكتوب لينا

حبينا يا بوي حبينا، حبينا ومش بإيدينا
حبينا يا بوي حبينا، حبينا ومش بإيدينا

مساكين والله العشاق
دا الهوى جانا ومشتاق
مساكين والله العشاق
دا الهوى جانا ومشتاق
جانا من الباب للطاق
جانا من الباب للطاق
والنوم خاصمك يا عينينا
حبينا يا بوي حبينا، حبينا ومش بإيدينا
حبينا يا بوي حبينا، حبينا ومش بإيدينا

خدنا في بحر الأحلام
والقلب ماهوش عوام
خدنا في بحر الأحلام
والقلب ماهوش عوام
ما خلاص مش عايزة كلام
ما خلاص مش عايزة كلام
الشوق صاحب ليالينا

حبينا يا بوي حبينا، حبينا ومش بإيدينا
حبينا يا بوي حبينا، حبينا ومش بإيدينا
حبينا يا بوي ووقعنا، حبينا يا بوي ووقعنا
ولا حدش سمى علينا، ولا حدش سمى علينا
حبينا يا بوي حبينا، حبينا ومش بإيدينا
حبينا يا بوي حبينا، حبينا ومش بإيدينا
حبينا يا بوي ووقعنا، حبينا يا بوي ووقعنا
ولا حدش سمى علينا، ولا حدش سمى علينا
حبينا يا بوي حبينا، حبينا ومش بإيدينا
حبينا يا بوي حبينا، حبينا ومش بإيدينا
حبينا يا بوي حبينا، حبينا ومش بإيدينا
حبينا يا بوي حبينا، حبينا ومش بإيدينا
حبينا يا بوي حبينا، حبينا ومش بإيدينا
حبينا يا بوي حبينا، حبينا ومش بإيدينا
حبينا، بإيدينا، حبينا، بإيدينا
حبينا يا بوي حبينا، حبينا ومش بإيدينا
حبينا يا بوي، حبينا ومش",1980,1
